Text,Marked,Labels
பலபல,பல+பல, NSP NSP SP NSP NSP
சிலசில,சில+சில, NSP NSP NSP SP NSP NSP NSP
பலப்பல,பல+பல, NSP NSP SP NSP NSP
சிலச்சில,சில+சில, NSP NSP NSP SP NSP NSP NSP
பலற்பல,பல+பல, NSP NSP SP NSP NSP
சிலற்சில,சில+சில, NSP NSP NSP SP NSP NSP NSP
பல்கலை,பல+கலை, NSP NSP SP NSP NSP NSP
பல்சாலை,பல+சாலை, NSP NSP SP NSP NSP NSP NSP
பஃதொடை,பல+தொடை, NSP NSP SP NSP NSP NSP NSP
பன்மலர்,பல+மலர், NSP NSP SP NSP NSP NSP NSP
பன்னாடு,பல+நாடு, NSP NSP SP NSP NSP NSP NSP
பல்வேண்டி,பல+வேண்டி, NSP NSP SP NSP NSP NSP NSP NSP NSP
பல்லரண்,பல+அரண், NSP NSP SP NSP NSP NSP NSP
சில்சொல்,சில+சொல், NSP NSP NSP SP NSP NSP NSP NSP
சின்மலர்,சில+மலர், NSP NSP NSP SP NSP NSP NSP NSP
சில்வளை,சில+வளை, NSP NSP NSP SP NSP NSP NSP
சில்லணி,சில+அணி, NSP NSP NSP SP NSP NSP NSP
வடகிழக்கு,வடக்கு+கிழக்கு, NSP NSP NSP NSP NSP NSP SP NSP NSP NSP NSP NSP NSP NSP
வடமேற்கு,வடக்கு+மேற்கு, NSP NSP NSP NSP NSP NSP SP NSP NSP NSP NSP NSP NSP
வடவேங்கடம்,வடக்கு+வேங்கடம், NSP NSP NSP NSP NSP NSP SP NSP NSP NSP NSP NSP NSP NSP NSP
குடதிசை,குடக்கு+திசை, NSP NSP NSP NSP NSP NSP NSP SP NSP NSP NSP NSP
குணதிசை,குணக்கு+திசை, NSP NSP NSP NSP NSP NSP NSP SP NSP NSP NSP NSP
தென்கிழக்கு,தெற்கு+கிழக்கு, NSP NSP NSP NSP NSP NSP SP NSP NSP NSP NSP NSP NSP NSP
தென்மேற்கு,தெற்கு+மேற்கு, NSP NSP NSP NSP NSP NSP SP NSP NSP NSP NSP NSP NSP
தென்குமரி,தெற்கு+குமரி, NSP NSP NSP NSP NSP NSP SP NSP NSP NSP NSP NSP
தென்பாண்டி,தெற்கு+பாண்டி, NSP NSP NSP NSP NSP NSP SP NSP NSP NSP NSP NSP NSP
மேல்காற்று,மேற்கு+காற்று, NSP NSP NSP NSP NSP NSP SP NSP NSP NSP NSP NSP NSP
மேலூர்,மேற்கு+ஊர், NSP NSP NSP NSP NSP NSP SP NSP NSP NSP
கீழ்கடல்,கிழக்கு+கடல், NSP NSP NSP NSP NSP NSP NSP SP NSP NSP NSP NSP
கீழ்நாடு,கிழக்கு+நாடு, NSP NSP NSP NSP NSP NSP NSP SP NSP NSP NSP NSP
நல்லன்,நன்மை+அன், NSP NSP NSP NSP NSP SP NSP NSP NSP
வெண்பட்டு,வெண்மை+பட்டு, NSP NSP NSP NSP NSP NSP SP NSP NSP NSP NSP NSP
வெண்குடை,வெண்மை+குடை, NSP NSP NSP NSP NSP NSP SP NSP NSP NSP NSP
செம்மலர்,செம்மை+மலர், NSP NSP NSP NSP NSP NSP SP NSP NSP NSP NSP
பெரியன்,பெருமை+அன், NSP NSP NSP NSP NSP NSP SP NSP NSP NSP
சிறியன்,சிறுமை+அன், NSP NSP NSP NSP NSP NSP SP NSP NSP NSP
மூதூர்,முதுமை+ஊர், NSP NSP NSP NSP NSP NSP SP NSP NSP NSP
பாசி,பசுமை+இ, NSP NSP NSP NSP NSP SP NSP
பைங்கொடி,பசுமை+கொடி, NSP NSP NSP NSP NSP SP NSP NSP NSP NSP
பைந்தார்,பசுமை+தார், NSP NSP NSP NSP NSP SP NSP NSP NSP NSP
சிற்றூர்,சிறுமை+ஊர், NSP NSP NSP NSP NSP NSP SP NSP NSP NSP
வெற்றிலை,வெறுமை+இலை, NSP NSP NSP NSP NSP NSP SP NSP NSP NSP
வெவ்வேல்,வெம்மை+வேல், NSP NSP NSP NSP NSP NSP SP NSP NSP NSP NSP
வெந்நீர்,வெம்மை+நீர், NSP NSP NSP NSP NSP NSP SP NSP NSP NSP NSP
செங்கோல்,செம்மை+கோல், NSP NSP NSP NSP NSP NSP SP NSP NSP NSP NSP
செந்தமிழ்,செம்மை+தமிழ், NSP NSP NSP NSP NSP NSP SP NSP NSP NSP NSP NSP
பேரூர்,பெருமை+ஊர், NSP NSP NSP NSP NSP NSP SP NSP NSP NSP
பைம்பொழில்,பசுமை+பொழில், NSP NSP NSP NSP NSP SP NSP NSP NSP NSP NSP NSP
தமிழாசிரியர்,தமிழ்+ஆசிரியர், NSP NSP NSP NSP NSP SP NSP NSP NSP NSP NSP NSP NSP NSP
கடவுளருள்,கடவுள்+அருள், NSP NSP NSP NSP NSP NSP SP NSP NSP NSP NSP NSP
பொருளனைத்தும்,பொருள்+அனைத்தும், NSP NSP NSP NSP NSP NSP SP NSP NSP NSP NSP NSP NSP NSP NSP NSP
பூங்கொடி,பூ+கொடி, NSP NSP SP NSP NSP NSP NSP
பூஞ்சோலை,பூ+சோலை, NSP NSP SP NSP NSP NSP NSP
பூந்தோட்டம்,பூ+தோட்டம், NSP NSP SP NSP NSP NSP NSP NSP NSP NSP
பூம்பாவை,பூ+பாவை, NSP NSP SP NSP NSP NSP NSP
கண்ணொளி,கண்+ஒளி, NSP NSP NSP SP NSP NSP NSP
பண்ணோசை,பண்+ஓசை, NSP NSP NSP SP NSP NSP NSP
மண்ணோசை,மண்+ஓசை, NSP NSP NSP SP NSP NSP NSP
மணியடித்தது,மணி+அடித்தது, NSP NSP NSP SP NSP NSP NSP NSP NSP NSP NSP NSP
தீயெரிந்தது,தீ+எரிந்தது, NSP NSP SP NSP NSP NSP NSP NSP NSP NSP NSP
வாழையிலை,வாழை+இலை, NSP NSP NSP NSP SP NSP NSP NSP
நிலாவழகு,நிலா+அழகு, NSP NSP NSP NSP SP NSP NSP NSP NSP
சேயழகு,சே+அழகு, NSP NSP SP NSP NSP NSP NSP
சேவழகு,சே+அழகு, NSP NSP SP NSP NSP NSP NSP
அந்தப்பையன்,அந்த+பையன், NSP NSP NSP NSP SP NSP NSP NSP NSP NSP
இந்தப்பெட்டி,இந்த+பெட்டி, NSP NSP NSP NSP SP NSP NSP NSP NSP NSP NSP
அத்துணைப் புகழ்,அத்துணை+புகழ், NSP NSP NSP NSP NSP NSP NSP SP NSP NSP NSP NSP NSP
இத்துணைச் செழுமை,இத்துணை+செழுமை, NSP NSP NSP NSP NSP NSP NSP SP NSP NSP NSP NSP NSP NSP
எத்துணைக் கொடுமை,எத்துணை+கொடுமை, NSP NSP NSP NSP NSP NSP NSP SP NSP NSP NSP NSP NSP NSP
அவ்வகைக்காடு,அவ்வகை+காடு, NSP NSP NSP NSP NSP NSP SP NSP NSP NSP NSP
இவ்வகைத்தோப்பு,இவ்வகை+தோப்பு, NSP NSP NSP NSP NSP NSP SP NSP NSP NSP NSP NSP NSP
எவ்வகைப்பெயர்,எவ்வகை+பெயர், NSP NSP NSP NSP NSP NSP SP NSP NSP NSP NSP NSP
மற்றக்கலைகள்,மற்ற+கலைகள், NSP NSP NSP NSP SP NSP NSP NSP NSP NSP NSP
மற்றுச்சிலை,மற்ற+சிலை, NSP NSP NSP NSP SP NSP NSP NSP NSP
மற்றைப்பயன்,மற்றை+பயன், NSP NSP NSP NSP NSP SP NSP NSP NSP NSP
மோர்க்குடம்,மோர்+குடம், NSP NSP NSP NSP SP NSP NSP NSP NSP NSP
மலர்க்கூந்தல்,மலர்+கூந்தல், NSP NSP NSP NSP SP NSP NSP NSP NSP NSP NSP NSP
தயிர்ப்பானை,தயிர்+பானை, NSP NSP NSP NSP NSP SP NSP NSP NSP NSP
தண்ணீர்த்தொட்டி,தண்ணீர்+தொட்டி, NSP NSP NSP NSP NSP NSP NSP SP NSP NSP NSP NSP NSP NSP
மரப்பெட்டி,மரம்+பெட்டி, NSP NSP NSP NSP SP NSP NSP NSP NSP NSP NSP
இரும்புத்தூண்,இரும்பு+தூண், NSP NSP NSP NSP NSP NSP NSP SP NSP NSP NSP NSP
தங்கத்தாலி,தங்கம்+தாலி, NSP NSP NSP NSP NSP NSP SP NSP NSP NSP NSP
குடைக்கம்பி,குடை+கம்பி, NSP NSP NSP NSP SP NSP NSP NSP NSP NSP
சட்டைத்துணி,சட்டை+துணி, NSP NSP NSP NSP NSP SP NSP NSP NSP NSP
அடுப்புப்புகை,அடுப்பு+புகை, NSP NSP NSP NSP NSP NSP NSP SP NSP NSP NSP NSP
விழிப்புனல்,விழி+புனல், NSP NSP NSP NSP SP NSP NSP NSP NSP NSP
புதுக்குடம்,புது+குடம், NSP NSP NSP NSP SP NSP NSP NSP NSP NSP
வட்டப்பலகை,வட்டம்+பலகை, NSP NSP NSP NSP NSP NSP SP NSP NSP NSP NSP
பொய்ச்செய்தி,பொய்+செய்தி, NSP NSP NSP NSP SP NSP NSP NSP NSP NSP NSP
வேழக்கரும்பு,வேழம்+கரும்பு, NSP NSP NSP NSP NSP SP NSP NSP NSP NSP NSP NSP NSP
தாமரைப்பூ,தாமரை+பூ, NSP NSP NSP NSP NSP SP NSP NSP
மார்கழித்திங்கள்,மார்கழி+திங்கள், NSP NSP NSP NSP NSP NSP NSP SP NSP NSP NSP NSP NSP NSP NSP
தாமரைக்கண்ணன்,தாமரை+கண்ணன், NSP NSP NSP NSP NSP SP NSP NSP NSP NSP NSP NSP
பவளச்செவ்வாய்,பவளம்+செவ்வாய், NSP NSP NSP NSP NSP SP NSP NSP NSP NSP NSP NSP NSP NSP
மலைத்தோள்,மலை+தோள், NSP NSP NSP SP NSP NSP NSP NSP
அரைக்காணி,அரை+காணி, NSP NSP NSP SP NSP NSP NSP NSP
அரைப்படி,அரை+படி, NSP NSP NSP SP NSP NSP NSP
பாதிப்பங்கு,பாதி+பங்கு, NSP NSP NSP NSP SP NSP NSP NSP NSP NSP
அரைத்தொட்டி,அரை+தொட்டி, NSP NSP NSP SP NSP NSP NSP NSP NSP NSP
பாதிச்செலவு,பாதி+செலவு, NSP NSP NSP NSP SP NSP NSP NSP NSP NSP
திருக்கோவில்,திரு+கோவில், NSP NSP NSP NSP SP NSP NSP NSP NSP NSP NSP
புதுப்புது,புது+புது, NSP NSP NSP NSP SP NSP NSP NSP NSP
பொதுச்சாலை,பொது+சாலை, NSP NSP NSP NSP SP NSP NSP NSP NSP
வினாக்குறி,வினா+குறி, NSP NSP NSP NSP SP NSP NSP NSP NSP
பலாப்பழம்,பலா+பழம், NSP NSP NSP SP NSP NSP NSP NSP
கருத்தாய்க்கேட்டாள்,கருத்தாய்+கேட்டாள், NSP NSP NSP NSP NSP NSP NSP NSP NSP SP NSP NSP NSP NSP NSP NSP NSP NSP
அன்பாய்ச்சொன்னார்,அன்பாய்+சொன்னார், NSP NSP NSP NSP NSP NSP NSP SP NSP NSP NSP NSP NSP NSP NSP NSP
போய்ப்பார்,போய்+பார், NSP NSP NSP NSP SP NSP NSP NSP NSP
முன்னர்க்கண்டோம்,முன்னர்+கண்டோம், NSP NSP NSP NSP NSP NSP NSP SP NSP NSP NSP NSP NSP NSP NSP
பின்னர்க்காண்போம்,பின்னர்+காண்போம், NSP NSP NSP NSP NSP NSP NSP SP NSP NSP NSP NSP NSP NSP NSP NSP
முன்னர்ச்செல்க,முன்னர்+செல்க, NSP NSP NSP NSP NSP NSP NSP SP NSP NSP NSP NSP NSP
பின்னர்ப்பணிந்தார்,பின்னர்+பணிந்தார், NSP NSP NSP NSP NSP NSP NSP SP NSP NSP NSP NSP NSP NSP NSP NSP NSP
பட்டுச்சேலை,பட்டு+சேலை, NSP NSP NSP NSP NSP SP NSP NSP NSP NSP
பத்துப்பாட்டு,பத்து+பாட்டு, NSP NSP NSP NSP NSP SP NSP NSP NSP NSP NSP NSP
அவ்வளவுபெரிது,அவ்வளவு+பெரிது, NSP NSP NSP NSP NSP NSP NSP SP NSP NSP NSP NSP NSP NSP
இவ்வளவு கனிவா?,இவ்வளவு+கனிவா, NSP NSP NSP NSP NSP NSP NSP SP NSP NSP NSP NSP NSP
எவ்வளவு தொலைவு?,எவ்வளவு+தொலைவு, NSP NSP NSP NSP NSP NSP NSP SP NSP NSP NSP NSP NSP NSP
அத்தனை புத்தகங்களா?,அத்துணை+புத்தகங்களா, NSP NSP NSP NSP NSP NSP NSP SP NSP NSP NSP NSP NSP NSP NSP NSP NSP NSP NSP
இத்தனை தொழில்களா?,இத்துணை+தொழில்களா, NSP NSP NSP NSP NSP NSP NSP SP NSP NSP NSP NSP NSP NSP NSP NSP NSP
எத்தனை கருவிகள்?,எத்துணை+கருவிகள், NSP NSP NSP NSP NSP NSP NSP SP NSP NSP NSP NSP NSP NSP NSP NSP
அவனா கேட்டான்?,அவனா+கேட்டான், NSP NSP NSP NSP SP NSP NSP NSP NSP NSP NSP NSP NSP
அவளா சொன்னாள்?,அவளா+சொன்னாள், NSP NSP NSP NSP SP NSP NSP NSP NSP NSP NSP NSP NSP
யாரே கண்டார்?,யாரே+கண்டார், NSP NSP NSP NSP SP NSP NSP NSP NSP NSP NSP NSP
பெரிய பெண்,பெரிய+பெண், NSP NSP NSP NSP NSP SP NSP NSP NSP NSP
கற்ற சிறுவன்,கற்ற+சிறுவன், NSP NSP NSP NSP SP NSP NSP NSP NSP NSP NSP NSP
நில்லாத செல்வம்,நில்லாத+செல்வம், NSP NSP NSP NSP NSP NSP NSP SP NSP NSP NSP NSP NSP NSP NSP
அழியாத கல்வி,அழியாத+கல்வி, NSP NSP NSP NSP NSP NSP SP NSP NSP NSP NSP NSP
ஒன்று கேள்,ஒன்று+கேள், NSP NSP NSP NSP NSP SP NSP NSP NSP NSP
ஒரு பொருள்,ஒரு+பொருள், NSP NSP NSP SP NSP NSP NSP NSP NSP NSP
இரண்டு புத்தகம்,இரண்டு+புத்தகம், NSP NSP NSP NSP NSP NSP SP NSP NSP NSP NSP NSP NSP NSP NSP
இரு பறவை,இரு+பறவை, NSP NSP NSP SP NSP NSP NSP NSP
மூன்று குறிக்கோள்,மூன்று+குறிக்கோள், NSP NSP NSP NSP NSP NSP SP NSP NSP NSP NSP NSP NSP NSP NSP NSP NSP
நான்கு பேர்,நான்கு+பேர், NSP NSP NSP NSP NSP NSP SP NSP NSP NSP NSP
ஐந்து கதைகள்,ஐந்து+கதைகள், NSP NSP NSP NSP NSP SP NSP NSP NSP NSP NSP NSP
ஆறு கோவில்,ஆறு+கோவில், NSP NSP NSP SP NSP NSP NSP NSP NSP NSP
அறுசீர்,அறு+சீர், NSP NSP NSP SP NSP NSP NSP NSP
ஏழு சான்றுகள்,ஏழு+சான்றுகள், NSP NSP NSP SP NSP NSP NSP NSP NSP NSP NSP NSP NSP
எழு பிறப்பு,ஏழு+பிறப்பு, NSP NSP NSP SP NSP NSP NSP NSP NSP NSP NSP
ஒன்பது சுவைகள்,ஒன்பது+சுவைகள், NSP NSP NSP NSP NSP NSP SP NSP NSP NSP NSP NSP NSP NSP
கலகல,கல+கல, NSP NSP SP NSP NSP
சடசட,சட+சட, NSP NSP SP NSP NSP
பளபள,பள+பள, NSP NSP SP NSP NSP
தீதீ,தீ+தீ, NSP NSP SP NSP NSP
பார்பார்,பார்+பார், NSP NSP NSP NSP SP NSP NSP NSP NSP
கற்க கசடற,கற்க+கசடற, NSP NSP NSP NSP SP NSP NSP NSP NSP
வெல்க தமிழ்,வெல்க+தமிழ், NSP NSP NSP NSP NSP SP NSP NSP NSP NSP NSP
வீழ்க தண்புனல்,வீழ்க+தண்புனல், NSP NSP NSP NSP NSP SP NSP NSP NSP NSP NSP NSP NSP NSP
பல பசு,பல+பசு, NSP NSP SP NSP NSP NSP
சில கலை,சில+கலை, NSP NSP NSP SP NSP NSP NSP
அவை தவித்தன,அவை+தவித்தன, NSP NSP NSP SP NSP NSP NSP NSP NSP NSP NSP
வா கலையரசி,வா+கலையரசி, NSP NSP SP NSP NSP NSP NSP NSP NSP NSP
எழு தம்பி,எழு+தம்பி, NSP NSP NSP SP NSP NSP NSP NSP NSP
போ செல்வி,போ+செல்வி, NSP NSP SP NSP NSP NSP NSP NSP NSP
பார் பெண்ணே,பார்+பெண்ணே, NSP NSP NSP NSP SP NSP NSP NSP NSP NSP NSP
கோவலனோடு கண்ணகி வந்தாள்,கோவலனோடு+கண்ணகி வந்தாள், NSP NSP NSP NSP NSP NSP NSP NSP SP NSP NSP NSP NSP NSP NSP NSP NSP NSP NSP NSP NSP NSP NSP
துணிவோடு செல்க,துணிவோடு+செல்க, NSP NSP NSP NSP NSP NSP NSP NSP SP NSP NSP NSP NSP NSP
அண்ணனோடு தங்கை வந்தாள்,அண்ணனோடு+தங்கை வந்தாள், NSP NSP NSP NSP NSP NSP NSP NSP SP NSP NSP NSP NSP NSP NSP NSP NSP NSP NSP NSP NSP NSP
காணிய சென்றேன்,காணிய+சென்றேன், NSP NSP NSP NSP NSP SP NSP NSP NSP NSP NSP NSP NSP NSP
உண்ணிய சென்றாள்,உண்ணிய+சென்றாள், NSP NSP NSP NSP NSP NSP SP NSP NSP NSP NSP NSP NSP NSP NSP
தாய் கண்டாள்,தாய்+கண்டாள், NSP NSP NSP NSP SP NSP NSP NSP NSP NSP NSP NSP
விரிசுடர்,விரி+சுடர், NSP NSP NSP NSP SP NSP NSP NSP NSP NSP
பாய்புலி,பாய்+புலி, NSP NSP NSP NSP SP NSP NSP NSP NSP
காய்கனி,காய்+கனி, NSP NSP NSP NSP SP NSP NSP NSP
தாய்தந்தை,தாய்+தந்தை, NSP NSP NSP NSP SP NSP NSP NSP NSP NSP
அது பறந்தது,அது+பறந்தது, NSP NSP NSP SP NSP NSP NSP NSP NSP NSP NSP
இது கடித்தது,இது+கடித்தது, NSP NSP NSP SP NSP NSP NSP NSP NSP NSP NSP NSP
எது பறந்தது?,எது+பறந்தது, NSP NSP NSP SP NSP NSP NSP NSP NSP NSP NSP
யாது தந்தார்?,யாது+தந்தார், NSP NSP NSP NSP SP NSP NSP NSP NSP NSP NSP NSP
கண்ணா பாடு,கண்ணா+பாடு, NSP NSP NSP NSP NSP SP NSP NSP NSP NSP
அண்ணா கேள்,அண்ணா+கேள், NSP NSP NSP NSP NSP SP NSP NSP NSP NSP
எழுத்துகள்,எழுத்து+கள், NSP NSP NSP NSP NSP NSP NSP SP NSP NSP NSP
கருத்துகள்,கருத்து+கள், NSP NSP NSP NSP NSP NSP NSP SP NSP NSP NSP
வாழ்த்துகள்,வாழ்த்து+கள், NSP NSP NSP NSP NSP NSP NSP NSP SP NSP NSP NSP
போற்றுதல்,போற்று+தல், NSP NSP NSP NSP NSP NSP SP NSP NSP NSP
நொறுக்குதல்,நொறுக்கு+தல், NSP NSP NSP NSP NSP NSP NSP NSP SP NSP NSP NSP
கோஷ்டி கானம்,கோஷ்டி+கானம், NSP NSP NSP NSP NSP NSP SP NSP NSP NSP NSP NSP
சங்கீத சபா,சங்கீத+சபா, NSP NSP NSP NSP NSP NSP SP NSP NSP NSP
வாழைப்பழம்,வாழை+பழம், NSP NSP NSP NSP SP NSP NSP NSP NSP
மாமரம்,மா+மரம், NSP NSP SP NSP NSP NSP NSP
அவரைக்காய்,அவரை+காய், NSP NSP NSP NSP SP NSP NSP NSP NSP
மட்குடம்,மண்+குடம், NSP NSP NSP SP NSP NSP NSP NSP NSP
மரவேர்,மரம்+வேர், NSP NSP NSP NSP SP NSP NSP NSP NSP
பெருவள்ளல்,பெருமை+வள்ளல், NSP NSP NSP NSP NSP NSP SP NSP NSP NSP NSP NSP NSP
பெருநன்மை,பெருமை+நன்மை, NSP NSP NSP NSP NSP NSP SP NSP NSP NSP NSP NSP
மணியழகு,மணி+அழகு, NSP NSP NSP SP NSP NSP NSP NSP
கருத்தோடிசைந்து,கருத்தோடு+இசைந்து, NSP NSP NSP NSP NSP NSP NSP NSP NSP SP NSP NSP NSP NSP NSP NSP NSP
பயணங்கள்,பயணம்+கள், NSP NSP NSP NSP NSP SP NSP NSP NSP
ஆதாரக்கோடுகள்,ஆதாரம்+கோடுகள், NSP NSP NSP NSP NSP NSP SP NSP NSP NSP NSP NSP NSP NSP
உருவெடுத்துள்ளன,உருவ+உடுத்துள்ளன, NSP NSP NSP NSP SP NSP NSP NSP NSP NSP NSP NSP NSP NSP NSP NSP
இசைக்கருவி,இசை+கருவி, NSP NSP NSP SP NSP NSP NSP NSP NSP
துளைக்கருவிகள்,துளை+கருவிகள், NSP NSP NSP NSP SP NSP NSP NSP NSP NSP NSP NSP NSP
சக்கரங்கள்,சக்கர+கள், NSP NSP NSP NSP NSP SP NSP NSP NSP
கருங்கடல்,கரு+கடல், NSP NSP NSP SP NSP NSP NSP NSP
நவீனக்கதையாக,நவீன+கதை+ஆக, NSP NSP NSP NSP SP NSP NSP NSP SP NSP NSP
சிவந்த,சிவப்பு+நடை, NSP NSP NSP NSP NSP NSP NSP SP NSP NSP NSP
இருட்டுக்குள்,இருட்டு+குள், NSP NSP NSP NSP NSP NSP NSP SP NSP NSP NSP NSP
கரும்புத்,கரும்பு+த், NSP NSP NSP NSP NSP NSP NSP SP NSP NSP
துயரக்காற்று,துயரம்+காற்று, NSP NSP NSP NSP NSP NSP SP NSP NSP NSP NSP NSP NSP
இயற்பியல்,இயல்+பியல், NSP NSP NSP NSP SP NSP NSP NSP NSP NSP
கேலக்ஸி,கலை+க்ஸி, NSP NSP NSP SP NSP NSP NSP NSP
கள்ளுக்கடை,கள்ளு+கடை, NSP NSP NSP NSP NSP SP NSP NSP NSP
மதுரக்கள்ளு,மதுரை+க்கள்ளு, NSP NSP NSP NSP NSP SP NSP NSP NSP NSP NSP NSP NSP
பக்கங்கள்,பக்கம்+கள், NSP NSP NSP NSP NSP NSP SP NSP NSP NSP
இறந்துவிட்ட,இறந்த+விட்ட, NSP NSP NSP NSP NSP SP NSP NSP NSP NSP NSP
இக்கதையை,இந்த+கதை+ஐ, NSP NSP NSP NSP SP NSP NSP NSP SP NSP
விளக்குகள்,விளக்கு+கள், NSP NSP NSP NSP NSP NSP NSP SP NSP NSP NSP
ஸிரசாத்தும்,ஸிரசா+த்தும், NSP NSP NSP NSP NSP SP NSP NSP NSP NSP NSP NSP
இருளில்,இருள்+இல், NSP NSP NSP NSP NSP SP NSP NSP NSP
பயணித்துக்,பயணம்+இத்து+க, NSP NSP NSP NSP NSP SP NSP NSP NSP NSP NSP SP NSP
நாடகக்குழு,நாடகம்+குழு, NSP NSP NSP NSP NSP NSP SP NSP NSP NSP NSP
அப்பணசாமி,அப்பன்+சாமி, NSP NSP NSP NSP NSP NSP SP NSP NSP NSP NSP
வள்ளிதிருமணம்,வள்ளி+திருமணம், NSP NSP NSP NSP NSP SP NSP NSP NSP NSP NSP NSP NSP NSP
நடக்கும்,நட+க்கும், NSP NSP SP NSP NSP NSP NSP NSP NSP
இலக்கணம்,இலக்கு+ணம், NSP NSP NSP NSP NSP NSP SP NSP NSP NSP
நாடகக்காரர்கள்,நாடகம்+காரர்கள், NSP NSP NSP NSP NSP NSP SP NSP NSP NSP NSP NSP NSP NSP NSP
மறந்துபோய்,மறந்த+போய், NSP NSP NSP NSP NSP SP NSP NSP NSP NSP
நகரும்,நகர்+ும், NSP NSP NSP NSP SP NSP NSP NSP
இருக்கிறார்கள்,இருக்க+ிறார்கள், NSP NSP NSP NSP NSP NSP SP NSP NSP NSP NSP NSP NSP NSP NSP
பயணித்த,பயணம்+இத்து, NSP NSP NSP NSP NSP SP NSP NSP NSP NSP NSP
கிழக்கில்,கிழக்கு+இல், NSP NSP NSP NSP NSP NSP NSP SP NSP NSP NSP
பக்கத்தில்,பக்கம்+இல், NSP NSP NSP NSP NSP NSP SP NSP NSP NSP
சீறிவரும்,சீறும்+வரும், NSP NSP NSP NSP NSP NSP SP NSP NSP NSP NSP NSP
ஊருமே,ஊர்+உமே, NSP NSP NSP SP NSP NSP NSP
இறந்துபோன,இறந்த+போன, NSP NSP NSP NSP NSP SP NSP NSP NSP
குழந்தையின்,குழந்தை+இன், NSP NSP NSP NSP NSP NSP NSP SP NSP NSP NSP
ஒன்றுகலந்து,ஒன்று+கலந்து, NSP NSP NSP NSP NSP SP NSP NSP NSP NSP NSP NSP
அக்கார்டியன்,அக்கார்ட்+டியன், NSP NSP NSP NSP NSP NSP NSP NSP NSP SP NSP NSP NSP NSP NSP
கந்தசாமி,கந்த+சாமி+இன், NSP NSP NSP NSP SP NSP NSP NSP NSP SP NSP NSP NSP
வெளிவந்த,வெளியே+வந்த, NSP NSP NSP NSP NSP NSP SP NSP NSP NSP NSP
பாட்டக்குளம்,பாட்டு+குளம், NSP NSP NSP NSP NSP NSP SP NSP NSP NSP NSP NSP
இருமுனை,இரு+முனை, NSP NSP NSP SP NSP NSP NSP NSP
இயற்கையின்,இயற்கை+இன், NSP NSP NSP NSP NSP NSP SP NSP NSP NSP
மயக்கமுறும்,மயக்கம்+முறும், NSP NSP NSP NSP NSP NSP NSP SP NSP NSP NSP NSP NSP NSP
இயலாமையின்,இயலாமை+இன், NSP NSP NSP NSP NSP NSP SP NSP NSP NSP
உருக்கம்,உரு+க்கம், NSP NSP NSP SP NSP NSP NSP NSP NSP
சரவணக்குமார்,சரவணன்+குமார், NSP NSP NSP NSP NSP NSP SP NSP NSP NSP NSP NSP NSP
கிடக்கும்,கிடைக்க+ும், NSP NSP NSP NSP NSP NSP NSP SP NSP NSP NSP
இருக்கும்,இருக்க+ும், NSP NSP NSP NSP NSP NSP SP NSP NSP NSP
இக்கதை,இந்த+கதை, NSP NSP NSP NSP SP NSP NSP NSP
இருட்டு,இருள்+ட்டு, NSP NSP NSP NSP NSP SP NSP NSP NSP NSP
ஜெயந்தன்,ஜெய+ந்தன், NSP NSP NSP SP NSP NSP NSP NSP NSP
வந்துசெல்கிறது,வந்த+செல்கிறது, NSP NSP NSP NSP SP NSP NSP NSP NSP NSP NSP NSP NSP NSP
ஜெயந்தனின்,ஜெயந்தன்+இன், NSP NSP NSP NSP NSP NSP NSP NSP SP NSP NSP NSP
வரும்,வர+ும், NSP NSP SP NSP NSP NSP
இருவர்,இரு+வர, NSP NSP NSP SP NSP NSP
இருந்துவரும்,இருந்த+வரும், NSP NSP NSP NSP NSP NSP SP NSP NSP NSP NSP NSP
சம்பந்தமில்லாமல்,சம்பந்த+மில்லாமல், NSP NSP NSP NSP NSP NSP NSP SP NSP NSP NSP NSP NSP NSP NSP NSP NSP
இருந்தது,இருந்த+து, NSP NSP NSP NSP NSP NSP SP NSP NSP
மையமிழந்து,மையம்+அழந்து, NSP NSP NSP NSP NSP SP NSP NSP NSP NSP NSP NSP
கணக்கியலை,கணக்கு+கலை, NSP NSP NSP NSP NSP NSP SP NSP NSP NSP
சந்தித்துக்கொண்ட,சந்தி+த்துக்கொண்ட, NSP NSP NSP NSP NSP SP NSP NSP NSP NSP NSP NSP NSP NSP NSP NSP NSP
சந்தர்ப்பங்கள்,சந்தர்ப்பு+கள், NSP NSP NSP NSP NSP NSP NSP NSP NSP NSP SP NSP NSP NSP
உருமாறி,உரு+மாறி, NSP NSP NSP SP NSP NSP NSP NSP
கொலைவழக்கு,கொலை + வழக்கு, NSP NSP NSP NSP NSP SP NSP NSP NSP NSP NSP NSP NSP
வெளிவந்த,வெளி + வந்த, NSP NSP NSP NSP NSP SP NSP NSP NSP NSP NSP
விளக்கைச்,விளக்கு + இச், NSP NSP NSP NSP NSP NSP NSP NSP SP NSP NSP NSP NSP
இறக்கைகள்,இறக்கு + கைகள், NSP NSP NSP NSP NSP NSP NSP SP NSP NSP NSP NSP NSP NSP
இருப்பில்,இருப்பு + இல், NSP NSP NSP NSP NSP NSP NSP NSP SP NSP NSP NSP NSP
இருள்,இருள் + டைப், NSP NSP NSP NSP NSP NSP SP NSP NSP NSP NSP NSP
துலக்கமான,துலக்கம் + மான, NSP NSP NSP NSP NSP NSP NSP NSP NSP SP NSP NSP NSP NSP
வந்துவிட்டான்,வந்த + விட்டான், NSP NSP NSP NSP NSP SP NSP NSP NSP NSP NSP NSP NSP NSP NSP
அந்நியமான,அந்நிய + மான, NSP NSP NSP NSP NSP NSP NSP SP NSP NSP NSP NSP
இருந்தார்கள்,இருந்த + அர்கள், NSP NSP NSP NSP NSP NSP NSP SP NSP NSP NSP NSP NSP NSP NSP
இருக்கிறது,இருக்க + இரு, NSP NSP NSP NSP NSP NSP NSP SP NSP NSP NSP NSP
சிலந்தியின்,சிலந்தி + இன், NSP NSP NSP NSP NSP NSP NSP NSP SP NSP NSP NSP NSP
பலாச்சுளை,பலா+சுளை, NSP NSP NSP SP NSP NSP NSP NSP
படக்காட்சி,படம்+காட்சி, NSP NSP NSP NSP SP NSP NSP NSP NSP NSP NSP
பொற்சிலை,பொன்+சிலை, NSP NSP NSP NSP SP NSP NSP NSP NSP
பொன்வளையல்,பொன்+வளையல், NSP NSP NSP NSP SP NSP NSP NSP NSP NSP NSP
கண்ணழகு,கண்+அழகு, NSP NSP NSP SP NSP NSP NSP NSP
மலர்மாலை,மலர்+மாலை, NSP NSP NSP NSP SP NSP NSP NSP NSP
பனைமரம்,பனை+மரம், NSP NSP NSP SP NSP NSP NSP NSP
மரவேர்,மரம் + வேர், NSP NSP NSP NSP NSP SP NSP NSP NSP NSP NSP
செந்தமிழ்,செம் + தமிழ், NSP NSP NSP NSP NSP SP NSP NSP NSP NSP NSP NSP
பஞ்சகத்தி,பஞ்சம் + கத்தி, NSP NSP NSP NSP NSP NSP NSP SP NSP NSP NSP NSP NSP NSP
மெய்யாளர்,மெய் + யாளர், NSP NSP NSP NSP NSP SP NSP NSP NSP NSP NSP NSP
பழநீர்,பழம் + நீர், NSP NSP NSP NSP NSP SP NSP NSP NSP NSP NSP
நிலவழி,நிலம் + வழி, NSP NSP NSP NSP NSP NSP SP NSP NSP NSP NSP
வாழ்விடம்,வாழ்வு + இடம், NSP NSP NSP NSP NSP NSP NSP SP NSP NSP NSP NSP NSP
சிந்தனை,சிது + தனை, NSP NSP NSP NSP NSP SP NSP NSP NSP NSP
அருங்காட்சி,அரும் + காட்சி, NSP NSP NSP NSP NSP NSP SP NSP NSP NSP NSP NSP NSP NSP
காவலர்,காவல் + லர், NSP NSP NSP NSP NSP NSP SP NSP NSP NSP NSP
வேறுபாடு,வேறு + பாடு, NSP NSP NSP NSP NSP SP NSP NSP NSP NSP NSP
கண்ணோட்டம்,கண் + நோட்டம், NSP NSP NSP NSP SP NSP NSP NSP NSP NSP NSP NSP NSP
நீர்வளம்,நீர் + வளம், NSP NSP NSP NSP NSP SP NSP NSP NSP NSP NSP
நூலாளர்,நூல் + ஆலர், NSP NSP NSP NSP NSP SP NSP NSP NSP NSP NSP
தங்கம்,தன் + கம், NSP NSP NSP NSP SP NSP NSP NSP NSP
காய்ச்சல்,காய் + ச்சல், NSP NSP NSP NSP NSP SP NSP NSP NSP NSP NSP NSP
பாசமயம்,பாசம் + அயம், NSP NSP NSP NSP NSP NSP SP NSP NSP NSP NSP NSP
தேசாந்திரி,தேசம் + அந்திரி, NSP NSP NSP NSP NSP NSP SP NSP NSP NSP NSP NSP NSP NSP NSP
நல்லாசி,நல் + ஆசி, NSP NSP NSP NSP SP NSP NSP NSP NSP
சிற்றறிவு,சிறு + அறிவு, NSP NSP NSP NSP NSP SP NSP NSP NSP NSP NSP NSP
உள்ளகம்,உள் + லகம், NSP NSP NSP NSP SP NSP NSP NSP NSP NSP
கனல்நீர்,கனல் + நீர், NSP NSP NSP NSP NSP SP NSP NSP NSP NSP NSP
சூழ்வளம்,சூழ் + வளம், NSP NSP NSP NSP NSP SP NSP NSP NSP NSP NSP
வணிகர்,வணிகம் + இர், NSP NSP NSP NSP NSP NSP NSP SP NSP NSP NSP NSP
புணர்ச்சி,புணர் + ச்சி, NSP NSP NSP NSP NSP NSP SP NSP NSP NSP NSP NSP
வடநாடு,வட + நாடு, NSP NSP NSP SP NSP NSP NSP NSP NSP
பொன்னுலகம்,பொன் + உலகம், NSP NSP NSP NSP NSP SP NSP NSP NSP NSP NSP NSP
மாடுவாசல்,மாடு + வாசல், NSP NSP NSP NSP NSP SP NSP NSP NSP NSP NSP NSP
கடல்சாரம்,கடல் + சாரம், NSP NSP NSP NSP NSP SP NSP NSP NSP NSP NSP NSP
கலந்துரை,கலந்து + உரை, NSP NSP NSP NSP NSP NSP NSP SP NSP NSP NSP NSP
பாடல்சாரம்,பாடல் + சாரம், NSP NSP NSP NSP NSP NSP SP NSP NSP NSP NSP NSP NSP
வானவெளி,வானம் + வெளி, NSP NSP NSP NSP NSP NSP SP NSP NSP NSP NSP NSP
வீரமணி,வீரம் + மணி, NSP NSP NSP NSP NSP NSP SP NSP NSP NSP NSP
மணியாரும்,மணி + ஆரும், NSP NSP NSP NSP SP NSP NSP NSP NSP NSP NSP
திடம்கொள்,திடம் + கொள், NSP NSP NSP NSP NSP NSP SP NSP NSP NSP NSP NSP
புத்தகவாசி,புத்தகம் + வாசி, NSP NSP NSP NSP NSP NSP NSP NSP NSP SP NSP NSP NSP NSP NSP
நூற்காட்சி,நூல் + காட்சி, NSP NSP NSP NSP NSP SP NSP NSP NSP NSP NSP NSP NSP
முரசோலி,முரசு + ஓலி, NSP NSP NSP NSP NSP NSP SP NSP NSP NSP NSP
வேளாண்மை,வேளை + ஆண்மை, NSP NSP NSP NSP NSP SP NSP NSP NSP NSP NSP NSP
செல்வமுறை,செல்வம் + முறை, NSP NSP NSP NSP NSP NSP NSP NSP SP NSP NSP NSP NSP NSP
இலக்கியம்,இலக்கு + இயம், NSP NSP NSP NSP NSP NSP NSP SP NSP NSP NSP NSP NSP
காதல்மொழி,காதல் + மொழி, NSP NSP NSP NSP NSP NSP SP NSP NSP NSP NSP NSP
அழகுருவி,அழகு + உருவி, NSP NSP NSP NSP NSP SP NSP NSP NSP NSP NSP NSP
பொற்கதை,பொன் + கதை, NSP NSP NSP NSP NSP SP NSP NSP NSP NSP
கொடையரசு,கொடை + அரசு, NSP NSP NSP NSP NSP SP NSP NSP NSP NSP NSP
பணியாளன்,பணி + ஆளன், NSP NSP NSP NSP SP NSP NSP NSP NSP NSP
விலங்கியல்,விலங்கு + இயல், NSP NSP NSP NSP NSP NSP NSP NSP SP NSP NSP NSP NSP NSP
விழியார்,விழி + யார், NSP NSP NSP NSP NSP SP NSP NSP NSP NSP NSP
மண்ணமர்,மண் + அமர், NSP NSP NSP NSP SP NSP NSP NSP NSP NSP
சாந்தியாழி,சாந்தி + ஆழி, NSP NSP NSP NSP NSP NSP NSP SP NSP NSP NSP NSP
கடல்நகர்,கடல் + நகர, NSP NSP NSP NSP NSP SP NSP NSP NSP NSP
நாட்டியக் கலை,நாட்டியம் + கலை, NSP NSP NSP NSP NSP NSP NSP NSP NSP NSP SP NSP NSP NSP NSP
நிலவந்தி,நிலம் + அந்தி, NSP NSP NSP NSP NSP NSP SP NSP NSP NSP NSP NSP NSP
கூழ்நீர்மை,கூழ் + நீர்மை, NSP NSP NSP NSP NSP SP NSP NSP NSP NSP NSP NSP NSP
சிற்றொழுகு,சிறு + ஒழுகு, NSP NSP NSP NSP NSP SP NSP NSP NSP NSP NSP NSP
முடிவுரை,முடிவு + உரை, NSP NSP NSP NSP NSP NSP NSP SP NSP NSP NSP NSP
சபாநாயகர்,சபை + நாயகர், NSP NSP NSP NSP SP NSP NSP NSP NSP NSP NSP NSP
வணங்கல்,வணங்கு + அல், NSP NSP NSP NSP NSP NSP NSP SP NSP NSP NSP NSP
சுயமரியாதை,சுயம் + மரியாதை, NSP NSP NSP NSP NSP NSP SP NSP NSP NSP NSP NSP NSP NSP NSP
கழகத் தலைவர்,கழகம் + தலைவர், NSP NSP NSP NSP NSP NSP SP NSP NSP NSP NSP NSP NSP NSP
பருவநிலை,பருவம் + நிலை, NSP NSP NSP NSP NSP NSP NSP SP NSP NSP NSP NSP NSP
பசுமைநிலம்,பசுமை + நிலம், NSP NSP NSP NSP NSP NSP SP NSP NSP NSP NSP NSP NSP
உழவர்மணி,உழவர் + மணி, NSP NSP NSP NSP NSP NSP SP NSP NSP NSP NSP
திரையரங்கு,திரை + அரங்கு, NSP NSP NSP NSP NSP SP NSP NSP NSP NSP NSP NSP NSP
பொன்மாலை,பொன் + மாலை, NSP NSP NSP NSP NSP SP NSP NSP NSP NSP NSP
கவிதைவளம்,கவிதை + வளம், NSP NSP NSP NSP NSP NSP SP NSP NSP NSP NSP NSP
கவிதைநூல்,கவிதை + நூல், NSP NSP NSP NSP NSP NSP SP NSP NSP NSP NSP NSP
மரமோடு,மரம் + ஓடு, NSP NSP NSP NSP NSP SP NSP NSP NSP NSP
சந்தனக்கால்,சந்தனம் + காலை, NSP NSP NSP NSP NSP NSP NSP NSP SP NSP NSP NSP NSP NSP
தமிழ்ச் சொல்,தமிழ் + சொல், NSP NSP NSP NSP NSP NSP SP NSP NSP NSP NSP NSP
தென்னமுது,தென்னம் + முது, NSP NSP NSP NSP NSP NSP NSP NSP SP NSP NSP NSP NSP NSP
கற்கோலம்,கல் + கோலம், NSP NSP NSP NSP SP NSP NSP NSP NSP NSP NSP
கொடியருவி,கொடி + அருவி, NSP NSP NSP NSP NSP SP NSP NSP NSP NSP NSP NSP
செம்மரம்,செம் + மரம், NSP NSP NSP NSP NSP SP NSP NSP NSP NSP NSP
நிலவுசுடர்,நிலவு + சுடர், NSP NSP NSP NSP NSP NSP SP NSP NSP NSP NSP NSP NSP
சொற்பழம்,சொல் + பழம், NSP NSP NSP NSP NSP SP NSP NSP NSP NSP NSP
நறும்பூ,நறும் + பூ, NSP NSP NSP NSP NSP NSP SP NSP NSP NSP
குடிமகன்,குடி + மகன், NSP NSP NSP NSP NSP SP NSP NSP NSP NSP NSP
வளம்நிலம்,வளம் + நிலம், NSP NSP NSP NSP NSP SP NSP NSP NSP NSP NSP NSP
மானுடவளம்,மானுடம் + வளம், NSP NSP NSP NSP NSP NSP NSP NSP SP NSP NSP NSP NSP NSP
மின்சாரம்,மின் + சாரம், NSP NSP NSP NSP NSP SP NSP NSP NSP NSP NSP NSP
குமிழ்நீர்,குமிழ் + நீர், NSP NSP NSP NSP NSP NSP NSP SP NSP NSP NSP NSP NSP
புதுமணம்,புது + மணம், NSP NSP NSP NSP NSP SP NSP NSP NSP NSP NSP
குடிசொல்,குடி + சொல், NSP NSP NSP NSP NSP SP NSP NSP NSP NSP NSP
உயிர்வளி,உயிர் + வளி, NSP NSP NSP NSP NSP NSP SP NSP NSP NSP NSP
இலவசநீர்,இலவசம் + நீர், NSP NSP NSP NSP NSP NSP NSP SP NSP NSP NSP NSP NSP
வள்ளுவர்,வள்ளு + அவர், NSP NSP NSP NSP NSP NSP SP NSP NSP NSP NSP NSP
சிந்தாமணி,சிந்தை + மணி, NSP NSP NSP NSP NSP NSP NSP SP NSP NSP NSP NSP
வெள்ளநீர்,வெள்ளம் + நீர், NSP NSP NSP NSP NSP NSP NSP NSP SP NSP NSP NSP NSP NSP
வானளி,வானம் + அளி, NSP NSP NSP NSP NSP NSP SP NSP NSP NSP NSP
கூந்தல்,கூந் + தல், NSP NSP NSP NSP NSP SP NSP NSP NSP NSP
குளிர்ந்தலை,குளிர் + தலைய, NSP NSP NSP NSP NSP NSP NSP SP NSP NSP NSP NSP NSP
வடசெல்வம்,வட + செல்வம், NSP NSP NSP SP NSP NSP NSP NSP NSP NSP NSP NSP
அமிழ்தமோர்,அமிழ்தம் + ஓர், NSP NSP NSP NSP NSP NSP NSP NSP NSP SP NSP NSP NSP NSP
பந்தல்,பந்தம் + அல், NSP NSP NSP NSP NSP NSP NSP SP NSP NSP NSP NSP
குளம்பேர்,குளம் + பேர், NSP NSP NSP NSP NSP NSP SP NSP NSP NSP NSP NSP
மாயவரம்,மாயம் + வரம், NSP NSP NSP NSP NSP NSP SP NSP NSP NSP NSP NSP
அசைவகம்,அசை + வகம், NSP NSP NSP NSP SP NSP NSP NSP NSP NSP
பற்பலம்,பல + பலம், NSP NSP NSP SP NSP NSP NSP NSP NSP
வருங்காலம்,வரும் + காலம், NSP NSP NSP NSP NSP NSP SP NSP NSP NSP NSP NSP NSP
கற்பகமரம்,கற்பகம் + மரம், NSP NSP NSP NSP NSP NSP NSP NSP SP NSP NSP NSP NSP NSP
நெடுநாள்,நெடு + நாள், NSP NSP NSP NSP NSP SP NSP NSP NSP NSP NSP
சுடரொளி,சுடர் + ஒளி, NSP NSP NSP NSP NSP NSP SP NSP NSP NSP NSP
ஆற்றொழில்,ஆற்று + தொழில், NSP NSP NSP NSP NSP NSP SP NSP NSP NSP NSP NSP NSP NSP
பொற்கோவில்,பொன் + கோவில், NSP NSP NSP NSP NSP SP NSP NSP NSP NSP NSP NSP NSP
வேளாண்,வேலை + ஆண், NSP NSP NSP NSP NSP SP NSP NSP NSP NSP
மண்ணிடு,மண் + இடு, NSP NSP NSP NSP SP NSP NSP NSP NSP
கதிரோன்,கதிர் + ஓன், NSP NSP NSP NSP NSP NSP SP NSP NSP NSP NSP
பொருளாதாரம்,பொருள் + ஆதாரம், NSP NSP NSP NSP NSP NSP NSP SP NSP NSP NSP NSP NSP NSP NSP
பாடசாலை,பாடம் + சாலை, NSP NSP NSP NSP NSP NSP SP NSP NSP NSP NSP NSP
சோலையடை,சோலை + அடை, NSP NSP NSP NSP NSP SP NSP NSP NSP NSP
கொடிக்கொடி,கொடி + கொடி, NSP NSP NSP NSP NSP SP NSP NSP NSP NSP NSP
சிற்றரசு,சிறு + அரசு, NSP NSP NSP NSP NSP SP NSP NSP NSP NSP NSP
கடலோரம்,கடல் + ஓரம், NSP NSP NSP NSP NSP SP NSP NSP NSP NSP NSP
தென்றல்,தென் + தல், NSP NSP NSP NSP NSP SP NSP NSP NSP NSP
வீரவிழா,வீரம் + விழா, NSP NSP NSP NSP NSP NSP SP NSP NSP NSP NSP NSP
உணவகம்,உணவு + அகம், NSP NSP NSP NSP NSP SP NSP NSP NSP NSP NSP
நிழல்வேல்,நிழல் + வேல், NSP NSP NSP NSP NSP NSP SP NSP NSP NSP NSP NSP
மகிழ்ச்சி,மகிழ் + ச்சி, NSP NSP NSP NSP NSP NSP SP NSP NSP NSP NSP NSP
தங்கவேல்,தங்கம் + வேல், NSP NSP NSP NSP NSP NSP NSP SP NSP NSP NSP NSP NSP
பிள்ளையார்,பிள்ளை + யார், NSP NSP NSP NSP NSP NSP NSP SP NSP NSP NSP NSP NSP
மணிமொழி,மணி + மொழி, NSP NSP NSP NSP SP NSP NSP NSP NSP NSP
மணிக்கோல்,மணி + கோல், NSP NSP NSP NSP SP NSP NSP NSP NSP NSP
வெண்ணெய்,வெண் + நெய், NSP NSP NSP NSP NSP SP NSP NSP NSP NSP NSP
வானவில்,வானம் + வில், NSP NSP NSP NSP NSP NSP SP NSP NSP NSP NSP NSP
கொடியிலங்கு,கொடி + இலம் + இங்கு, NSP NSP NSP NSP NSP SP NSP NSP NSP NSP NSP NSP SP NSP NSP NSP NSP NSP NSP
மரபு வழி,மரபு + வழி, NSP NSP NSP NSP NSP SP NSP NSP NSP NSP
மலர்க்கொடி,மலர் + கொடி, NSP NSP NSP NSP NSP SP NSP NSP NSP NSP NSP
மெய்ப்பொருள்,மெய் + பொருள், NSP NSP NSP NSP NSP SP NSP NSP NSP NSP NSP NSP NSP
வானொலி,வான் + ஒலி, NSP NSP NSP NSP NSP SP NSP NSP NSP NSP
முத்தமிழ்,முத் + தமிழ், NSP NSP NSP NSP NSP SP NSP NSP NSP NSP NSP NSP
நுண்கலை,நுண் + கலை, NSP NSP NSP NSP NSP SP NSP NSP NSP NSP
கதிர்கோள்,கதிர் + கோள், NSP NSP NSP NSP NSP NSP SP NSP NSP NSP NSP NSP
உடனடி,உடன் + அடி, NSP NSP NSP NSP NSP SP NSP NSP NSP NSP
விருட்சம்,விரு + ச்சம், NSP NSP NSP NSP NSP SP NSP NSP NSP NSP NSP NSP
கலந்தகூட்டம்,கலந்து + கூட்டம், NSP NSP NSP NSP NSP NSP NSP SP NSP NSP NSP NSP NSP NSP NSP NSP
பரந்தகோலம்,பரந்து + கோலம், NSP NSP NSP NSP NSP NSP NSP SP NSP NSP NSP NSP NSP NSP
நெடும்பால்,நெடு + பால், NSP NSP NSP NSP NSP SP NSP NSP NSP NSP NSP
அகிலநிலை,அகிலம் + நிலை, NSP NSP NSP NSP NSP NSP NSP SP NSP NSP NSP NSP NSP
சுவையமை,சுவை + அமை, NSP NSP NSP NSP NSP SP NSP NSP NSP NSP
காற்று நடை,காற்று + நடை, NSP NSP NSP NSP NSP NSP NSP SP NSP NSP NSP NSP
நல்லிணக்கம்,நல் + இணக்கம், NSP NSP NSP NSP SP NSP NSP NSP NSP NSP NSP NSP NSP
உறவுநிலை,உறவு + நிலை, NSP NSP NSP NSP NSP SP NSP NSP NSP NSP NSP
சாய்க்கோலம்,சாய்க்கு + கோலம், NSP NSP NSP NSP NSP NSP NSP NSP NSP SP NSP NSP NSP NSP NSP NSP
நிலவறிவு,நிலவு + அறிவு, NSP NSP NSP NSP NSP NSP SP NSP NSP NSP NSP NSP NSP
பொறியியல்,பொறி + இயல், NSP NSP NSP NSP NSP SP NSP NSP NSP NSP NSP
பணிநிலை,பணி + நிலை, NSP NSP NSP NSP SP NSP NSP NSP NSP NSP
முற்றுமனை,முறை + மனை, NSP NSP NSP NSP NSP SP NSP NSP NSP NSP
நூறாண்டு,நூறு + ஆண்டு, NSP NSP NSP NSP NSP SP NSP NSP NSP NSP NSP NSP
பண்பாளர்,பண்பு + ஆளர், NSP NSP NSP NSP NSP NSP SP NSP NSP NSP NSP NSP
சீர்திருத்தம்,சீர் + திருத்தம், NSP NSP NSP NSP NSP SP NSP NSP NSP NSP NSP NSP NSP NSP NSP NSP
வாழ்நிலை,வாழ் + நிலை, NSP NSP NSP NSP NSP SP NSP NSP NSP NSP NSP
மின்வெள்ளம்,மின் + வெள்ளம், NSP NSP NSP NSP NSP SP NSP NSP NSP NSP NSP NSP NSP NSP
பூமகள்,பூ + மகள், NSP NSP NSP SP NSP NSP NSP NSP NSP
மனவளம்,மனம் + வளம், NSP NSP NSP NSP NSP SP NSP NSP NSP NSP NSP
கால்சட்டை,கால் + சட்டை, NSP NSP NSP NSP NSP SP NSP NSP NSP NSP NSP NSP
மாணாக்கர்,மாண் + ஆக்கர், NSP NSP NSP NSP NSP SP NSP NSP NSP NSP NSP NSP NSP
மலர்ந்தது,மலர் + இந்து, NSP NSP NSP NSP NSP SP NSP NSP NSP NSP NSP NSP
சீதோஷணம்,சீ + தோஷணம், NSP NSP NSP SP NSP NSP NSP NSP NSP NSP NSP
கடலவன்,கடல் + அவன், NSP NSP NSP NSP NSP SP NSP NSP NSP NSP NSP
இலக்கணம்,இலக்கு + அணம, NSP NSP NSP NSP NSP NSP NSP SP NSP NSP NSP NSP
தீர்ப்பாசி,தீர்ப்ப + ஆசி, NSP NSP NSP NSP NSP NSP NSP NSP SP NSP NSP NSP NSP
மதிநிலா,மதிலிலா, NSP NSP NSP NSP NSP NSP NSP
மன்னவள்,மன்னன் + அவள், NSP NSP NSP NSP NSP NSP NSP SP NSP NSP NSP NSP NSP
பூங்கொத்து,பூ + கொத்து, NSP NSP NSP SP NSP NSP NSP NSP NSP NSP NSP
மேகமண்டலம்,மேகம் + மண்டலம், NSP NSP NSP NSP NSP NSP SP NSP NSP NSP NSP NSP NSP NSP NSP
விளக்கொளி,விளக்கு + ஒளி, NSP NSP NSP NSP NSP NSP NSP NSP SP NSP NSP NSP NSP
கதிர்மணி,கதிர் + மணி, NSP NSP NSP NSP NSP NSP SP NSP NSP NSP NSP
பருவமழை,பருவம் + மழை, NSP NSP NSP NSP NSP NSP NSP SP NSP NSP NSP NSP
செந்தோப்பு,செம் + தோப்பு, NSP NSP NSP NSP NSP SP NSP NSP NSP NSP NSP NSP NSP
பேரழகு,பெரு + அழகு, NSP NSP NSP NSP NSP SP NSP NSP NSP NSP NSP
இனியசொல்,இனிய + சொல், NSP NSP NSP NSP NSP SP NSP NSP NSP NSP NSP
கொடிமரம்,கொடி + மரம், NSP NSP NSP NSP NSP SP NSP NSP NSP NSP NSP
வான்குடில்,வான் + குடில், NSP NSP NSP NSP NSP SP NSP NSP NSP NSP NSP NSP NSP
பொற்காலம்,பொன் + காலம், NSP NSP NSP NSP NSP SP NSP NSP NSP NSP NSP NSP
சுடர்மணி,சுடர் + மணி, NSP NSP NSP NSP NSP NSP SP NSP NSP NSP NSP
நிலமடி,நிலம் + அடி, NSP NSP NSP NSP NSP NSP SP NSP NSP NSP NSP
வெண்மதி,வெண் + மதி, NSP NSP NSP NSP NSP SP NSP NSP NSP NSP
சிற்பகலை,சிற்பம் + கலை, NSP NSP NSP NSP NSP NSP NSP NSP SP NSP NSP NSP NSP
மழைத்துளி,மழை + துளி, NSP NSP NSP NSP SP NSP NSP NSP NSP NSP
சூரியகிரணம்,சூரியன் + கிரணம், NSP NSP NSP NSP NSP NSP NSP NSP SP NSP NSP NSP NSP NSP NSP NSP
காவேரிநதி,காவிரி + நதி, NSP NSP NSP NSP NSP NSP NSP SP NSP NSP NSP NSP
புத்தர்மலை,புத்தர் + மலை, NSP NSP NSP NSP NSP NSP NSP NSP SP NSP NSP NSP NSP
இனியமனம்,இனிய + மனம், NSP NSP NSP NSP NSP SP NSP NSP NSP NSP NSP
அடையாளமணி,அடையாளம் + மணி, NSP NSP NSP NSP NSP NSP NSP NSP NSP SP NSP NSP NSP NSP
காவல்துறை,காவல் + துறை, NSP NSP NSP NSP NSP NSP SP NSP NSP NSP NSP NSP
வானவரம்பு,வானம் + வரம்பு, NSP NSP NSP NSP NSP NSP SP NSP NSP NSP NSP NSP NSP NSP
பழமொழி,பழம் + மொழி, NSP NSP NSP NSP NSP SP NSP NSP NSP NSP NSP
முள்ளாங்கொடி,முள்ளான் + கொடி, NSP NSP NSP NSP NSP NSP NSP NSP NSP SP NSP NSP NSP NSP NSP
பனைமரம்,பனை + மரம், NSP NSP NSP NSP SP NSP NSP NSP NSP NSP
குருதியெழுத்து,குருதி + எழுத்து, NSP NSP NSP NSP NSP NSP NSP SP NSP NSP NSP NSP NSP NSP NSP NSP
படர்கதிர்,படர் + கதிர், NSP NSP NSP NSP NSP SP NSP NSP NSP NSP NSP NSP
அறிவாளர்,அறிவு + ஆளர், NSP NSP NSP NSP NSP NSP SP NSP NSP NSP NSP NSP
அன்பரசு,அன்பு + அரசு, NSP NSP NSP NSP NSP NSP SP NSP NSP NSP NSP NSP
ஆறுமுகம்,ஆறு + முகம், NSP NSP NSP NSP SP NSP NSP NSP NSP NSP NSP
சாந்தவனம்,சாந்தம் + வனம், NSP NSP NSP NSP NSP NSP NSP NSP SP NSP NSP NSP NSP NSP
நிலமொழி,நிலம் + மொழி, NSP NSP NSP NSP NSP NSP SP NSP NSP NSP NSP NSP
சிறுபிள்ளை,சிறு + பிள்ளை, NSP NSP NSP NSP NSP SP NSP NSP NSP NSP NSP NSP NSP
முத்தானம்,முத்து + ஆனம், NSP NSP NSP NSP NSP NSP NSP SP NSP NSP NSP NSP NSP
நூல்நயம்,நூல் + நயம், NSP NSP NSP NSP NSP SP NSP NSP NSP NSP NSP
சோலைமலை,சோலை + மலை, NSP NSP NSP NSP NSP SP NSP NSP NSP NSP
மரம்கொடி,மரம் + கொடி, NSP NSP NSP NSP NSP SP NSP NSP NSP NSP NSP
நிலவொளி,நிலவு + ஒளி, NSP NSP NSP NSP NSP NSP SP NSP NSP NSP NSP
மழைக்கோல்,மழை + கோல், NSP NSP NSP NSP SP NSP NSP NSP NSP NSP
காற்றுநிலை,காற்று + நிலை, NSP NSP NSP NSP NSP NSP NSP SP NSP NSP NSP NSP NSP
கனிவொளி,கனி + ஒளி, NSP NSP NSP NSP SP NSP NSP NSP NSP
சூரியபாதை,சூரியன் + பாதை, NSP NSP NSP NSP NSP NSP NSP NSP SP NSP NSP NSP NSP NSP
கடல்நுரை,கடல் + நுரை, NSP NSP NSP NSP NSP SP NSP NSP NSP NSP NSP
அறம்வழி,அறம் + வழி, NSP NSP NSP NSP NSP SP NSP NSP NSP NSP
கானல்நிலம்,கானல் + நிலம், NSP NSP NSP NSP NSP NSP SP NSP NSP NSP NSP NSP NSP
மணியாடை,மணி + ஆடை, NSP NSP NSP NSP SP NSP NSP NSP NSP
செல்வநிலை,செல்வம் + நிலை, NSP NSP NSP NSP NSP NSP NSP NSP SP NSP NSP NSP NSP NSP
பொற்கோடை,பொன் + கோடை, NSP NSP NSP NSP NSP SP NSP NSP NSP NSP NSP
நிலத்தடி,நிலம் + அடி, NSP NSP NSP NSP NSP NSP SP NSP NSP NSP NSP
வாழ்வெழுச்சி,வாழ்வு + எழுச்சி, NSP NSP NSP NSP NSP NSP NSP SP NSP NSP NSP NSP NSP NSP NSP NSP
புதல்வர்,புதல் + வர, NSP NSP NSP NSP NSP NSP SP NSP NSP NSP
புயல்வேகம்,புயல் + வேகம், NSP NSP NSP NSP NSP NSP SP NSP NSP NSP NSP NSP NSP
சுவைநிலை,சுவை + நிலை, NSP NSP NSP NSP NSP SP NSP NSP NSP NSP NSP
நெஞ்சுரம்,நெஞ்சு + உரம், NSP NSP NSP NSP NSP NSP NSP SP NSP NSP NSP NSP NSP
இரவுநதி,இரவு + நதி, NSP NSP NSP NSP NSP SP NSP NSP NSP NSP
கலைவளம்,கலை + வளம், NSP NSP NSP NSP SP NSP NSP NSP NSP NSP
மால்வரை,மால் + வரை, NSP NSP NSP NSP NSP SP NSP NSP NSP NSP
செழியமணி,செழியன் + மணி, NSP NSP NSP NSP NSP NSP NSP NSP SP NSP NSP NSP NSP
கருங்காலி,கரும் + காலி, NSP NSP NSP NSP NSP NSP SP NSP NSP NSP NSP NSP
விளக்குரை,விளக்கு + உரை, NSP NSP NSP NSP NSP NSP NSP NSP SP NSP NSP NSP NSP
காற்றுவளம்,காற்று + வளம், NSP NSP NSP NSP NSP NSP NSP SP NSP NSP NSP NSP NSP
பழங்கதை,பழம் + கதை, NSP NSP NSP NSP NSP SP NSP NSP NSP NSP
பொற்குழல்,பொன் + குழல், NSP NSP NSP NSP NSP SP NSP NSP NSP NSP NSP NSP
எழுத்தாளன்,எழுத்து + ஆளன், NSP NSP NSP NSP NSP NSP NSP NSP SP NSP NSP NSP NSP NSP
கண்ணிழிவு,கண் + இழிவு, NSP NSP NSP NSP SP NSP NSP NSP NSP NSP NSP
தெய்வகதை,தெய்வம் + கதை, NSP NSP NSP NSP NSP NSP NSP NSP SP NSP NSP NSP NSP
அரும்படி,அரும் + படி, NSP NSP NSP NSP NSP NSP SP NSP NSP NSP NSP
ஊர்நிலை,ஊர் + நிலை, NSP NSP NSP NSP SP NSP NSP NSP NSP NSP
மணிச்சுடர்,மணி + சுடர், NSP NSP NSP NSP SP NSP NSP NSP NSP NSP NSP
செழும்பாடு,செழும் + பாடு, NSP NSP NSP NSP NSP NSP NSP SP NSP NSP NSP NSP NSP
வான்நிலம்,வான் + நிலம், NSP NSP NSP NSP NSP SP NSP NSP NSP NSP NSP NSP
கனிமொழி,கனி + மொழி, NSP NSP NSP NSP SP NSP NSP NSP NSP NSP
பழனிவேல்,பழனி + வேல், NSP NSP NSP NSP NSP SP NSP NSP NSP NSP NSP
அமிழ்தாறு,அமிழ்து + ஆறு, NSP NSP NSP NSP NSP NSP NSP NSP SP NSP NSP NSP NSP
வேல்மணி,வேல் + மணி, NSP NSP NSP NSP NSP SP NSP NSP NSP NSP
மருந்தகம்,மருந்து + அகம், NSP NSP NSP NSP NSP NSP NSP NSP SP NSP NSP NSP NSP NSP
சின்மொழி,சினம் + மொழி, NSP NSP NSP NSP NSP NSP SP NSP NSP NSP NSP NSP
வெறியாள்,வெறி + யாள், NSP NSP NSP NSP NSP SP NSP NSP NSP NSP NSP
கொடிமாடம்,கொடி + மாடம், NSP NSP NSP NSP NSP SP NSP NSP NSP NSP NSP NSP
நட்சத்திரவளம்,நட்சத்திரம் + வளம், NSP NSP NSP NSP NSP NSP NSP NSP NSP NSP NSP NSP SP NSP NSP NSP NSP NSP
மெய்வழி,மெய் + வழி, NSP NSP NSP NSP NSP SP NSP NSP NSP NSP
கதிர்நிழல்,கதிர் + நிழல், NSP NSP NSP NSP NSP NSP SP NSP NSP NSP NSP NSP NSP
மணியொளி,மணி + ஒளி, NSP NSP NSP NSP SP NSP NSP NSP NSP
செம்மொழி,செம் + மொழி, NSP NSP NSP NSP NSP SP NSP NSP NSP NSP NSP
செம்மணி,செம் + மணி, NSP NSP NSP NSP NSP SP NSP NSP NSP NSP
கடல்படை,கடல் + படை, NSP NSP NSP NSP NSP SP NSP NSP NSP NSP
திருக்கோவில்,திரு + கோவில், NSP NSP NSP NSP NSP SP NSP NSP NSP NSP NSP NSP NSP
சுடர்மலை,சுடர் + மலை, NSP NSP NSP NSP NSP NSP SP NSP NSP NSP NSP
நளினமணி,நளினம் + மணி, NSP NSP NSP NSP NSP NSP NSP SP NSP NSP NSP NSP
வரலாற்று,வரல் + ஆறு, NSP NSP NSP NSP NSP SP NSP NSP NSP NSP
சீர்மிகு,சீரு + மிகு, NSP NSP NSP NSP NSP SP NSP NSP NSP NSP NSP
பாற்குடம்,பால் + குடம், NSP NSP NSP NSP NSP SP NSP NSP NSP NSP NSP NSP
செந்தேன்,செம் + தேன், NSP NSP NSP NSP NSP SP NSP NSP NSP NSP NSP
மண்ணொலி,மண் + ஒலி, NSP NSP NSP NSP SP NSP NSP NSP NSP
விளங்கோலம்,விளம் + கோலம், NSP NSP NSP NSP NSP NSP SP NSP NSP NSP NSP NSP NSP
மூங்கில்,மூ + கில், NSP NSP NSP SP NSP NSP NSP NSP NSP
அறந்தலம்,அறம் + தலம், NSP NSP NSP NSP NSP SP NSP NSP NSP NSP NSP
முல்லைப்பூ,முல்லை + பூ, NSP NSP NSP NSP NSP NSP NSP SP NSP NSP NSP
காற்றுமரம்,காற்று + மரம், NSP NSP NSP NSP NSP NSP NSP SP NSP NSP NSP NSP NSP
வெள்ளவெண்,வெள்ளம் + வெண், NSP NSP NSP NSP NSP NSP NSP NSP SP NSP NSP NSP NSP NSP
கடல்சங்கு,கடல் + சங்கு, NSP NSP NSP NSP NSP SP NSP NSP NSP NSP NSP NSP
மண்ணோடு,மண் + ஓடு, NSP NSP NSP NSP SP NSP NSP NSP NSP
உலோகவேல்,உலோகம் + வேல், NSP NSP NSP NSP NSP NSP NSP SP NSP NSP NSP NSP NSP
பசும்விழி,பசு + விழி, NSP NSP NSP NSP SP NSP NSP NSP NSP NSP
வெண்கோல்,வெண் + கோல், NSP NSP NSP NSP NSP SP NSP NSP NSP NSP NSP
மண்ணிறம்,மண் + நிறம், NSP NSP NSP NSP SP NSP NSP NSP NSP NSP NSP
கொடிமலை,கொடி + மலை, NSP NSP NSP NSP NSP SP NSP NSP NSP NSP
கலைமகள்,கலை + மகள், NSP NSP NSP NSP SP NSP NSP NSP NSP NSP
வண்ணக்குடை,வண்ணம் + குடை, NSP NSP NSP NSP NSP NSP NSP SP NSP NSP NSP NSP NSP
மருந்துவேர்,மருந்து + வேர், NSP NSP NSP NSP NSP NSP NSP NSP SP NSP NSP NSP NSP NSP
மண்ணறை,மண் + அறை, NSP NSP NSP NSP SP NSP NSP NSP NSP
ஆரண்மனை,ஆரம் + மனை, NSP NSP NSP NSP NSP SP NSP NSP NSP NSP
சுடர்கோல்,சுடர் + கோல், NSP NSP NSP NSP NSP NSP SP NSP NSP NSP NSP NSP
கொன்றைவனம்,கொன்றை + வனம், NSP NSP NSP NSP NSP NSP NSP SP NSP NSP NSP NSP NSP
வான்கோலம்,வானம் + கோலம், NSP NSP NSP NSP NSP NSP SP NSP NSP NSP NSP NSP NSP
கானகத்தேர்,கானகம் + தேர், NSP NSP NSP NSP NSP NSP NSP SP NSP NSP NSP NSP NSP
கடல்மணி,கடல் + மணி, NSP NSP NSP NSP NSP SP NSP NSP NSP NSP
முற்றவறை,முறை + அறை, NSP NSP NSP NSP NSP SP NSP NSP NSP NSP
வான்சுடர்,வானம் + சுடர், NSP NSP NSP NSP NSP NSP SP NSP NSP NSP NSP NSP NSP
இருள்வழி,இருள் + வழி, NSP NSP NSP NSP NSP NSP SP NSP NSP NSP NSP
காற்றுவழி,காற்று + வழி, NSP NSP NSP NSP NSP NSP NSP SP NSP NSP NSP NSP
செறியடி,செறி + அடி, NSP NSP NSP NSP NSP SP NSP NSP NSP NSP
குருதிமணல்,குருதி + மணல், NSP NSP NSP NSP NSP NSP NSP SP NSP NSP NSP NSP NSP
கருங்கூடு,கரும் + கூடு, NSP NSP NSP NSP NSP NSP SP NSP NSP NSP NSP NSP
கனவுயர்வு,கனவு + உயர்வு, NSP NSP NSP NSP NSP SP NSP NSP NSP NSP NSP NSP NSP
எழில்கனி,எழில் + கனி, NSP NSP NSP NSP NSP NSP SP NSP NSP NSP NSP
மருங்கணி,மருங்கு + அணி, NSP NSP NSP NSP NSP NSP NSP NSP SP NSP NSP NSP NSP
மலைவழி,மலை + வழி, NSP NSP NSP NSP SP NSP NSP NSP NSP
கடல்மலை,கடல் + மலை, NSP NSP NSP NSP NSP SP NSP NSP NSP NSP
கதிர்மழை,கதிர் + மழை, NSP NSP NSP NSP NSP NSP SP NSP NSP NSP NSP
மழைமணி,மழை + மணி, NSP NSP NSP NSP SP NSP NSP NSP NSP
பசும்பொன்,பசு + பொன், NSP NSP NSP NSP SP NSP NSP NSP NSP NSP
மழைத்தேன்,மழை + தேன், NSP NSP NSP NSP SP NSP NSP NSP NSP NSP
செம்மலர்,செம் + மலர், NSP NSP NSP NSP NSP SP NSP NSP NSP NSP NSP
வான்முகில்,வான் + முகில், NSP NSP NSP NSP NSP SP NSP NSP NSP NSP NSP NSP NSP
மதிமணி,மதி + மணி, NSP NSP NSP NSP SP NSP NSP NSP NSP
சுடர்மதி,சுடர் + மதி, NSP NSP NSP NSP NSP NSP SP NSP NSP NSP NSP
மழைவனம்,மழை + வனம், NSP NSP NSP NSP SP NSP NSP NSP NSP NSP
கதிர்நெல்,கதிர் + நெல், NSP NSP NSP NSP NSP NSP SP NSP NSP NSP NSP NSP
பூங்கோலம்,பூ + கோலம், NSP NSP NSP SP NSP NSP NSP NSP NSP NSP
மெல்லடி,மெல் + அடி, NSP NSP NSP NSP NSP SP NSP NSP NSP NSP
பனிவிழி,பனி + விழி, NSP NSP NSP NSP SP NSP NSP NSP NSP NSP
மழைகோடு,மழை + கோடு, NSP NSP NSP NSP SP NSP NSP NSP NSP NSP
மணிகோடு,மணி + கோடு, NSP NSP NSP NSP SP NSP NSP NSP NSP NSP
பெருங்குடி,பெரு + குடி, NSP NSP NSP NSP NSP SP NSP NSP NSP NSP NSP
வான்மணி,வான் + மணி, NSP NSP NSP NSP NSP SP NSP NSP NSP NSP
மலர்வளம்,மலர் + வளம், NSP NSP NSP NSP NSP SP NSP NSP NSP NSP NSP
காற்றுலகம்,காற்று + உலகம், NSP NSP NSP NSP NSP NSP NSP SP NSP NSP NSP NSP NSP NSP
சுடர்மகள்,சுடர் + மகள், NSP NSP NSP NSP NSP NSP SP NSP NSP NSP NSP NSP
பொற்கொடி,பொன் + கொடி, NSP NSP NSP NSP NSP SP NSP NSP NSP NSP NSP
கானமணி,கானம் + மணி, NSP NSP NSP NSP NSP NSP SP NSP NSP NSP NSP
எழிற்கோலம்,எழில் + கோலம், NSP NSP NSP NSP NSP NSP SP NSP NSP NSP NSP NSP NSP
கனிமலை,கனி + மலை, NSP NSP NSP NSP SP NSP NSP NSP NSP
சுடர்விழி,சுடர் + விழி, NSP NSP NSP NSP NSP NSP SP NSP NSP NSP NSP NSP
நிலக்கோடு,நிலம் + கோடு, NSP NSP NSP NSP NSP NSP SP NSP NSP NSP NSP NSP
சாயமணி,சாயம் + மணி, NSP NSP NSP NSP NSP NSP SP NSP NSP NSP NSP
வெண்குழல்,வெண் + குழல், NSP NSP NSP NSP NSP SP NSP NSP NSP NSP NSP NSP
கதிரொளி,கதிர் + ஒளி, NSP NSP NSP NSP NSP NSP SP NSP NSP NSP NSP
கமழ்மலர்,கமழ் + மலர், NSP NSP NSP NSP NSP SP NSP NSP NSP NSP NSP
பொன்மலை,பொன் + மலை, NSP NSP NSP NSP NSP SP NSP NSP NSP NSP
தண்ணீர்நிலை,தண் + நீர் + நிலை, NSP NSP NSP NSP SP NSP NSP NSP NSP NSP NSP SP NSP NSP NSP NSP NSP
சுடர்கதிர்,சுடர் + கதிர், NSP NSP NSP NSP NSP NSP SP NSP NSP NSP NSP NSP NSP
அழகிணை,அழகு + இணை, NSP NSP NSP NSP NSP SP NSP NSP NSP NSP
நிழல்மரம்,நிழல் + மரம், NSP NSP NSP NSP NSP NSP SP NSP NSP NSP NSP NSP
கனிவிழி,கனி + விழி, NSP NSP NSP NSP SP NSP NSP NSP NSP NSP
மழைக்கோலம்,மழை + கோலம், NSP NSP NSP NSP SP NSP NSP NSP NSP NSP NSP
செந்தேனல்,செம் + தேனல், NSP NSP NSP NSP NSP SP NSP NSP NSP NSP NSP NSP
கற்பவனம்,கற்பம் + வனம், NSP NSP NSP NSP NSP NSP NSP SP NSP NSP NSP NSP NSP
சூழ்மலை,சூழ் + மலை, NSP NSP NSP NSP NSP SP NSP NSP NSP NSP
கருங்கதிர்,கரும் + கதிர், NSP NSP NSP NSP NSP NSP SP NSP NSP NSP NSP NSP NSP
நிலவுக்கோலம்,நிலவு + கோலம், NSP NSP NSP NSP NSP NSP SP NSP NSP NSP NSP NSP NSP
வேல்மரம்,வேல் + மரம், NSP NSP NSP NSP NSP SP NSP NSP NSP NSP NSP
கதிர்விழி,கதிர் + விழி, NSP NSP NSP NSP NSP NSP SP NSP NSP NSP NSP NSP
மணிநதி,மணி + நதி, NSP NSP NSP NSP SP NSP NSP NSP NSP
செல்வநதி,செல்வம் + நதி, NSP NSP NSP NSP NSP NSP NSP NSP SP NSP NSP NSP NSP
பூமலர்,பூ + மலர், NSP NSP NSP SP NSP NSP NSP NSP NSP
வெண்மலர்,வெண் + மலர், NSP NSP NSP NSP NSP SP NSP NSP NSP NSP NSP
மலர்மணி,மலர் + மணி, NSP NSP NSP NSP NSP SP NSP NSP NSP NSP
செந்தமிழ்மணல்,செம் + தமிழ் + மணல், NSP NSP NSP NSP NSP SP NSP NSP NSP NSP NSP NSP NSP SP NSP NSP NSP NSP NSP
எழில்மணி,எழில் + மணி, NSP NSP NSP NSP NSP NSP SP NSP NSP NSP NSP
செழியமலர்,செழியன் + மலர், NSP NSP NSP NSP NSP NSP NSP NSP SP NSP NSP NSP NSP NSP
மழைவிழி,மழை + விழி, NSP NSP NSP NSP SP NSP NSP NSP NSP NSP
மணிகோலம்,மணி + கோலம், NSP NSP NSP NSP SP NSP NSP NSP NSP NSP NSP
பனிமலர்,பனி + மலர், NSP NSP NSP NSP SP NSP NSP NSP NSP NSP
கானமலர்,கானம் + மலர், NSP NSP NSP NSP NSP NSP SP NSP NSP NSP NSP NSP
சுடர்கோலம்,சுடர் + கோலம், NSP NSP NSP NSP NSP NSP SP NSP NSP NSP NSP NSP NSP
மணிமலர்,மணி + மலர், NSP NSP NSP NSP SP NSP NSP NSP NSP NSP
நிலவுபனி,நிலவு + பனி, NSP NSP NSP NSP NSP NSP SP NSP NSP NSP NSP
பனிகோலம்,பனி + கோலம், NSP NSP NSP NSP SP NSP NSP NSP NSP NSP NSP
நிலவுநதி,நிலவு + நதி, NSP NSP NSP NSP NSP NSP SP NSP NSP NSP NSP
கனிநதி,கனி + நதி, NSP NSP NSP NSP SP NSP NSP NSP NSP
வெண்மணி,வெண் + மணி, NSP NSP NSP NSP NSP SP NSP NSP NSP NSP
பொன்மணி,பொன் + மணி, NSP NSP NSP NSP NSP SP NSP NSP NSP NSP
புயல்கோடு,புயல் + கோடு, NSP NSP NSP NSP NSP NSP SP NSP NSP NSP NSP NSP
காற்றுக்கோடு,காற்று + கோடு, NSP NSP NSP NSP NSP NSP NSP SP NSP NSP NSP NSP NSP
நிலவுதீவு,நிலவு + தீவு, NSP NSP NSP NSP NSP NSP SP NSP NSP NSP NSP NSP
மணிமயில்,மணி + மயில், NSP NSP NSP NSP SP NSP NSP NSP NSP NSP NSP
புனல்மலை,புனல் + மலை, NSP NSP NSP NSP NSP NSP SP NSP NSP NSP NSP
செம்பொன்,செம் + பொன், NSP NSP NSP NSP NSP SP NSP NSP NSP NSP NSP
வானமலை,வானம் + மலை, NSP NSP NSP NSP NSP NSP SP NSP NSP NSP NSP
சுடர்வில்,சுடர் + வில், NSP NSP NSP NSP NSP NSP SP NSP NSP NSP NSP NSP
மணிகொடி,மணி + கொடி, NSP NSP NSP NSP SP NSP NSP NSP NSP NSP
பொற்கதிர்,பொன் + கதிர், NSP NSP NSP NSP NSP SP NSP NSP NSP NSP NSP NSP
மடல்கோலம்,மடல் + கோலம், NSP NSP NSP NSP NSP SP NSP NSP NSP NSP NSP NSP
துறவிகோலம்,துறவி + கோலம், NSP NSP NSP NSP NSP NSP SP NSP NSP NSP NSP NSP NSP
செந்தமிழ்கோலம்,செம் + தமிழ் + கோலம், NSP NSP NSP NSP NSP SP NSP NSP NSP NSP NSP NSP NSP SP NSP NSP NSP NSP NSP NSP
செம்பொன்மணி,செம் + பொன் + மணி, NSP NSP NSP NSP NSP SP NSP NSP NSP NSP NSP NSP SP NSP NSP NSP NSP
கதிர்வேல்,கதிர் + வேல், NSP NSP NSP NSP NSP NSP SP NSP NSP NSP NSP NSP
சிரமவேல்,சிரம் + வேல், NSP NSP NSP NSP NSP NSP SP NSP NSP NSP NSP NSP
அருங்கதை,அரும் + கதை, NSP NSP NSP NSP NSP NSP SP NSP NSP NSP NSP
செந்தழல்,செம் + தழல், NSP NSP NSP NSP NSP SP NSP NSP NSP NSP NSP
சுடர்வனம்,சுடர் + வனம், NSP NSP NSP NSP NSP NSP SP NSP NSP NSP NSP NSP
பனிகோடு,பனி + கோடு, NSP NSP NSP NSP SP NSP NSP NSP NSP NSP
செழியகோலம்,செழியன் + கோலம், NSP NSP NSP NSP NSP NSP NSP NSP SP NSP NSP NSP NSP NSP NSP
கடல்கோடு,கடல் + கோடு, NSP NSP NSP NSP NSP SP NSP NSP NSP NSP NSP
மண்கோலம்,மண் + கோலம், NSP NSP NSP NSP SP NSP NSP NSP NSP NSP NSP
வானிலி,வான் + இலி, NSP NSP NSP NSP NSP SP NSP NSP NSP NSP
செந்தேனீர்,செம் + தேன் + நீர், NSP NSP NSP NSP NSP SP NSP NSP NSP NSP NSP NSP SP NSP NSP NSP NSP NSP
சினவிழி,சினம் + விழி, NSP NSP NSP NSP NSP NSP SP NSP NSP NSP NSP NSP
வெண்சுடர்,வெண் + சுடர், NSP NSP NSP NSP NSP SP NSP NSP NSP NSP NSP NSP
சினமணி,சினம் + மணி, NSP NSP NSP NSP NSP NSP SP NSP NSP NSP NSP
பொற்கோலமணி,பொன் + கோலம் + மணி, NSP NSP NSP NSP NSP SP NSP NSP NSP NSP NSP NSP NSP SP NSP NSP NSP NSP
பூந்தென்றல்,பூ + தென்றல், NSP NSP NSP SP NSP NSP NSP NSP NSP NSP NSP NSP
திண்கோலம்,திண் + கோலம், NSP NSP NSP NSP NSP SP NSP NSP NSP NSP NSP NSP
சுடர்மழை,சுடர் + மழை, NSP NSP NSP NSP NSP NSP SP NSP NSP NSP NSP
மதியொளி,மதி + ஒளி, NSP NSP NSP NSP SP NSP NSP NSP NSP
நிழல்வனம்,நிழல் + வனம், NSP NSP NSP NSP NSP NSP SP NSP NSP NSP NSP NSP
பொன்மொழி,பொன் + மொழி, NSP NSP NSP NSP NSP SP NSP NSP NSP NSP NSP
கடற்கோலம்,கடல் + கோலம், NSP NSP NSP NSP NSP SP NSP NSP NSP NSP NSP NSP
வான்கதிர்,வான் + கதிர், NSP NSP NSP NSP NSP SP NSP NSP NSP NSP NSP NSP
மலர்வனம்,மலர் + வனம், NSP NSP NSP NSP NSP SP NSP NSP NSP NSP NSP
செந்தீவு,செம் + தீவு, NSP NSP NSP NSP NSP SP NSP NSP NSP NSP NSP
புயல்கதிர்,புயல் + கதிர், NSP NSP NSP NSP NSP NSP SP NSP NSP NSP NSP NSP NSP
அரும்பொழில்,அரும் + பொழில், NSP NSP NSP NSP NSP NSP SP NSP NSP NSP NSP NSP NSP NSP
மணித்துளி,மணி + துளி, NSP NSP NSP NSP SP NSP NSP NSP NSP NSP
அரும்பொன்,அரும் + பொன், NSP NSP NSP NSP NSP NSP SP NSP NSP NSP NSP NSP
செந்தமிழ்வனம்,செம் + தமிழ் + வனம், NSP NSP NSP NSP NSP SP NSP NSP NSP NSP NSP NSP NSP SP NSP NSP NSP NSP NSP
பூங்கதிர்,பூ + கதிர், NSP NSP NSP SP NSP NSP NSP NSP NSP NSP
சிந்தனை,சின்து + அணி, NSP NSP NSP NSP NSP NSP NSP SP NSP NSP NSP NSP
செழியமண்,செழியன் + மண், NSP NSP NSP NSP NSP NSP NSP NSP SP NSP NSP NSP NSP
மணிமுத்து,மணி + முத்து, NSP NSP NSP NSP SP NSP NSP NSP NSP NSP NSP NSP
நிலாமணி,நிலா + மணி, NSP NSP NSP NSP NSP SP NSP NSP NSP NSP
கதிர்ச்சுடர்,கதிர் + சுடர், NSP NSP NSP NSP NSP NSP SP NSP NSP NSP NSP NSP NSP
பொன்மயில்,பொன் + மயில், NSP NSP NSP NSP NSP SP NSP NSP NSP NSP NSP NSP
செங்கதிர்,செம் + கதிர், NSP NSP NSP NSP NSP SP NSP NSP NSP NSP NSP NSP
அரும்பூ,அரும் + பூ, NSP NSP NSP NSP NSP NSP SP NSP NSP NSP
குருதிநதி,குருதி + நதி, NSP NSP NSP NSP NSP NSP NSP SP NSP NSP NSP NSP
கானகமணி,கானகம் + மணி, NSP NSP NSP NSP NSP NSP NSP SP NSP NSP NSP NSP
புயல்வனம்,புயல் + வனம், NSP NSP NSP NSP NSP NSP SP NSP NSP NSP NSP NSP
பொற்கோலம்,பொன் + கோலம், NSP NSP NSP NSP NSP SP NSP NSP NSP NSP NSP NSP
வெண்கதிர்,வெண் + கதிர், NSP NSP NSP NSP NSP SP NSP NSP NSP NSP NSP NSP
வானமணி,வான் + மணி, NSP NSP NSP NSP NSP SP NSP NSP NSP NSP
மலர்கதிர்,மலர் + கதிர், NSP NSP NSP NSP NSP SP NSP NSP NSP NSP NSP NSP
மண்விழி,மண் + விழி, NSP NSP NSP NSP SP NSP NSP NSP NSP NSP
கருங்கோடு,கரும் + கோடு, NSP NSP NSP NSP NSP NSP SP NSP NSP NSP NSP NSP
மழைநெல்,மழை + நெல், NSP NSP NSP NSP SP NSP NSP NSP NSP NSP
நிலவுபூ,நிலவு + பூ, NSP NSP NSP NSP NSP NSP SP NSP NSP NSP
கதிர்பொன்,கதிர் + பொன், NSP NSP NSP NSP NSP NSP SP NSP NSP NSP NSP NSP
பனிமலை,பனி + மலை, NSP NSP NSP NSP SP NSP NSP NSP NSP
பூமாலை,பூ + மாலை, NSP NSP NSP SP NSP NSP NSP NSP NSP
மழைநிழல்,மழை + நிழல், NSP NSP NSP NSP SP NSP NSP NSP NSP NSP NSP
சினப்பூ,சினம் + பூ, NSP NSP NSP NSP NSP NSP SP NSP NSP NSP
வான்கொடி,வானம் + கொடி, NSP NSP NSP NSP NSP NSP SP NSP NSP NSP NSP NSP
பொன்மலர்,பொன் + மலர், NSP NSP NSP NSP NSP SP NSP NSP NSP NSP NSP
மழைப்பெருக்கு,மழை + பெருக்கு, NSP NSP NSP NSP SP NSP NSP NSP NSP NSP NSP NSP NSP NSP
முத்துக்கொடி,முத்து + கொடி, NSP NSP NSP NSP NSP NSP NSP SP NSP NSP NSP NSP NSP
கதிர்நிலா,கதிர் + நிலா, NSP NSP NSP NSP NSP NSP SP NSP NSP NSP NSP NSP
சோலைமணி,சோலை + மணி, NSP NSP NSP NSP NSP SP NSP NSP NSP NSP
பூந்தென்,பூ + தேன், NSP NSP NSP SP NSP NSP NSP NSP NSP
நிழல்கதிர்,நிழல் + கதிர், NSP NSP NSP NSP NSP NSP SP NSP NSP NSP NSP NSP NSP
பனிமழை,பனி + மழை, NSP NSP NSP NSP SP NSP NSP NSP NSP
வான்சினம்,வான் + சினம், NSP NSP NSP NSP NSP SP NSP NSP NSP NSP NSP NSP
புயல்நிழல்,புயல் + நிழல், NSP NSP NSP NSP NSP NSP SP NSP NSP NSP NSP NSP NSP
கதிர்மதி,கதிர் + மதி, NSP NSP NSP NSP NSP NSP SP NSP NSP NSP NSP
பூந்தோப்பு,பூ + தோப்பு, NSP NSP NSP SP NSP NSP NSP NSP NSP NSP NSP
வான்கோடு,வான் + கோடு, NSP NSP NSP NSP NSP SP NSP NSP NSP NSP NSP
செழியமதி,செழியன் + மதி, NSP NSP NSP NSP NSP NSP NSP NSP SP NSP NSP NSP NSP
பொன்மழை,பொன் + மழை, NSP NSP NSP NSP NSP SP NSP NSP NSP NSP
மணிமழை,மணி + மழை, NSP NSP NSP NSP SP NSP NSP NSP NSP
கதிர்ப்பொழில்,கதிர் + பொழில், NSP NSP NSP NSP NSP NSP SP NSP NSP NSP NSP NSP NSP NSP
சினவெளி,சினம் + வெளி, NSP NSP NSP NSP NSP NSP SP NSP NSP NSP NSP NSP
நிலாக்கதிர்,நிலா + கதிர், NSP NSP NSP NSP NSP SP NSP NSP NSP NSP NSP NSP
பனித்துளி,பனி + துளி, NSP NSP NSP NSP SP NSP NSP NSP NSP NSP
மலர்ச்சுடர்,மலர் + சுடர், NSP NSP NSP NSP NSP SP NSP NSP NSP NSP NSP NSP
செழியமரம்,செழியன் + மரம், NSP NSP NSP NSP NSP NSP NSP NSP SP NSP NSP NSP NSP NSP
மழைச்சுடர்,மழை + சுடர், NSP NSP NSP NSP SP NSP NSP NSP NSP NSP NSP
கதிர்மலர்,கதிர் + மலர், NSP NSP NSP NSP NSP NSP SP NSP NSP NSP NSP NSP
பூந்துளி,பூ + துளி, NSP NSP NSP SP NSP NSP NSP NSP NSP
வான்மழை,வான் + மழை, NSP NSP NSP NSP NSP SP NSP NSP NSP NSP
பொன்விழி,பொன் + விழி, NSP NSP NSP NSP NSP SP NSP NSP NSP NSP NSP
செந்துளி,செம் + துளி, NSP NSP NSP NSP NSP SP NSP NSP NSP NSP NSP
பொன்மதி,பொன் + மதி, NSP NSP NSP NSP NSP SP NSP NSP NSP NSP
சின்மழை,சினம் + மழை, NSP NSP NSP NSP NSP NSP SP NSP NSP NSP NSP
பூமணி,பூ + மணி, NSP NSP NSP SP NSP NSP NSP NSP
பனிச்சுடர்,பனி + சுடர், NSP NSP NSP NSP SP NSP NSP NSP NSP NSP NSP
மழைக்கதிர்,மழை + கதிர், NSP NSP NSP NSP SP NSP NSP NSP NSP NSP NSP
மழைப்பூ,மழை + பூ, NSP NSP NSP NSP SP NSP NSP NSP
சுடர்நதி,சுடர் + நதி, NSP NSP NSP NSP NSP NSP SP NSP NSP NSP NSP
மணிமதி,மணி + மதி, NSP NSP NSP NSP SP NSP NSP NSP NSP
பனிமதி,பனி + மதி, NSP NSP NSP NSP SP NSP NSP NSP NSP
வான்நிழல்,வான் + நிழல், NSP NSP NSP NSP NSP SP NSP NSP NSP NSP NSP NSP
செழியபூ,செழியன் + பூ, NSP NSP NSP NSP NSP NSP NSP NSP SP NSP NSP NSP
சோலைமலர்,சோலை + மலர், NSP NSP NSP NSP NSP SP NSP NSP NSP NSP NSP
மணிவிழி,மணி + விழி, NSP NSP NSP NSP SP NSP NSP NSP NSP NSP
பொன்கதிர்,பொன் + கதிர், NSP NSP NSP NSP NSP SP NSP NSP NSP NSP NSP NSP
வான்மதி,வான் + மதி, NSP NSP NSP NSP NSP SP NSP NSP NSP NSP
பூமழை,பூ + மழை, NSP NSP NSP SP NSP NSP NSP NSP
பூவிழி,பூ + விழி, NSP NSP NSP SP NSP NSP NSP NSP NSP
கதிர்ப்பூ,கதிர் + பூ, NSP NSP NSP NSP NSP NSP SP NSP NSP NSP
பூமதி,பூ + மதி, NSP NSP NSP SP NSP NSP NSP NSP
மழைநதி,மழை + நதி, NSP NSP NSP NSP SP NSP NSP NSP NSP
கதிர்மாலை,கதிர் + மாலை, NSP NSP NSP NSP NSP NSP SP NSP NSP NSP NSP NSP
பூம்பொழில்,பூ + பொழில், NSP NSP NSP SP NSP NSP NSP NSP NSP NSP NSP
மழைக்கொடி,மழை + கொடி, NSP NSP NSP NSP SP NSP NSP NSP NSP NSP
வான்விழி,வான் + விழி, NSP NSP NSP NSP NSP SP NSP NSP NSP NSP NSP
செந்தமிழ்சுடர்,செம் + தமிழ் + சுடர், NSP NSP NSP NSP NSP SP NSP NSP NSP NSP NSP NSP NSP SP NSP NSP NSP NSP NSP NSP
பூங்கொடி,பூ + கொடி, NSP NSP NSP SP NSP NSP NSP NSP NSP
செம்மழை,செம் + மழை, NSP NSP NSP NSP NSP SP NSP NSP NSP NSP
கதிர்ப்பொன்,கதிர் + பொன், NSP NSP NSP NSP NSP NSP SP NSP NSP NSP NSP NSP
மண்நதி,மண் + நதி, NSP NSP NSP NSP SP NSP NSP NSP NSP
நிலவுதுளி,நிலவு + துளி, NSP NSP NSP NSP NSP NSP SP NSP NSP NSP NSP NSP
பூந்தொடி,பூ + தொடி, NSP NSP NSP SP NSP NSP NSP NSP NSP
கதிர்க்கொடி,கதிர் + கொடி, NSP NSP NSP NSP NSP NSP SP NSP NSP NSP NSP NSP
சுடர்கழல்,சுடர் + கழல், NSP NSP NSP NSP NSP NSP SP NSP NSP NSP NSP NSP
பனிக்கதிர்,பனி + கதிர், NSP NSP NSP NSP SP NSP NSP NSP NSP NSP NSP
செழியவனம்,செழியன் + வனம், NSP NSP NSP NSP NSP NSP NSP NSP SP NSP NSP NSP NSP NSP
வானகொடி,வானம் + கொடி, NSP NSP NSP NSP NSP NSP SP NSP NSP NSP NSP NSP
பூவனம்,பூ + வனம், NSP NSP NSP SP NSP NSP NSP NSP NSP
கதிர்வனம்,கதிர் + வனம், NSP NSP NSP NSP NSP NSP SP NSP NSP NSP NSP NSP
மழைக்கழல்,மழை + கழல், NSP NSP NSP NSP SP NSP NSP NSP NSP NSP
சுடர்த்தேன்,சுடர் + தேன், NSP NSP NSP NSP NSP NSP SP NSP NSP NSP NSP NSP
பூந்தேர்,பூ + தேர், NSP NSP NSP SP NSP NSP NSP NSP NSP
பனித்தேன்,பனி + தேன், NSP NSP NSP NSP SP NSP NSP NSP NSP NSP
மணிக்கதிர்,மணி + கதிர், NSP NSP NSP NSP SP NSP NSP NSP NSP NSP NSP
பூவெண்,பூ + வெண், NSP NSP NSP SP NSP NSP NSP NSP NSP
பனிவனம்,பனி + வனம், NSP NSP NSP NSP SP NSP NSP NSP NSP NSP
மழைப்பொழில்,மழை + பொழில், NSP NSP NSP NSP SP NSP NSP NSP NSP NSP NSP NSP
சுடர்ப்பூ,சுடர் + பூ, NSP NSP NSP NSP NSP NSP SP NSP NSP NSP
செழியநதி,செழியன் + நதி, NSP NSP NSP NSP NSP NSP NSP NSP SP NSP NSP NSP NSP
கதிர்முத்து,கதிர் + முத்து, NSP NSP NSP NSP NSP NSP SP NSP NSP NSP NSP NSP NSP NSP
பூத்துளி,பூ + துளி, NSP NSP NSP SP NSP NSP NSP NSP NSP
மழைப்பொன்,மழை + பொன், NSP NSP NSP NSP SP NSP NSP NSP NSP NSP
கதிர்த்துளி,கதிர் + துளி, NSP NSP NSP NSP NSP NSP SP NSP NSP NSP NSP NSP
நிலவுக்கதிர்,நிலவு + கதிர், NSP NSP NSP NSP NSP NSP SP NSP NSP NSP NSP NSP NSP
வான்க்கதிர்,வான் + கதிர், NSP NSP NSP NSP NSP SP NSP NSP NSP NSP NSP NSP
பூத்தேன்,பூ + தேன், NSP NSP NSP SP NSP NSP NSP NSP NSP
மண்மலர்,மண் + மலர், NSP NSP NSP NSP SP NSP NSP NSP NSP NSP
வான்த்துளி,வான் + துளி, NSP NSP NSP NSP NSP SP NSP NSP NSP NSP NSP
நிலாமழை,நிலா + மழை, NSP NSP NSP NSP NSP SP NSP NSP NSP NSP
பூம்பனி,பூ + பனி, NSP NSP NSP SP NSP NSP NSP NSP
கதிர்த்தேன்,கதிர் + தேன், NSP NSP NSP NSP NSP NSP SP NSP NSP NSP NSP NSP
செழியவிழி,செழியன் + விழி, NSP NSP NSP NSP NSP NSP NSP NSP SP NSP NSP NSP NSP NSP
நிலவுமதி,நிலவு + மதி, NSP NSP NSP NSP NSP NSP SP NSP NSP NSP NSP
செந்தேர்,செம் + தேர், NSP NSP NSP NSP NSP SP NSP NSP NSP NSP NSP
பூங்கழல்,பூ + கழல், NSP NSP NSP SP NSP NSP NSP NSP NSP
செழியமலை,செழியன் + மலை, NSP NSP NSP NSP NSP NSP NSP NSP SP NSP NSP NSP NSP
சுடர்த்துளி,சுடர் + துளி, NSP NSP NSP NSP NSP NSP SP NSP NSP NSP NSP NSP
நிலாமலர்,நிலா + மலர், NSP NSP NSP NSP NSP SP NSP NSP NSP NSP NSP
பூநதி,பூ + நதி, NSP NSP NSP SP NSP NSP NSP NSP
நேயெனக்கு,நீ + எனக்கு, NSP NSP NSP SP NSP NSP NSP NSP NSP NSP NSP
அதெந்த,அது + எந்த, NSP NSP NSP NSP SP NSP NSP NSP NSP NSP
இலையது,இலை + அது, NSP NSP NSP NSP SP NSP NSP NSP NSP
கலையிலக்கு,கலை + இலக்கு, NSP NSP NSP NSP SP NSP NSP NSP NSP NSP NSP NSP
மேயங்கு,மே + இங்கு, NSP NSP NSP SP NSP NSP NSP NSP NSP NSP
நமூர்,நம் + ஊர், NSP NSP NSP NSP SP NSP NSP NSP NSP
இதாங்கு,இது + அங்கு, NSP NSP NSP NSP SP NSP NSP NSP NSP NSP NSP
உனறம்,உன் + அறம், NSP NSP NSP NSP SP NSP NSP NSP NSP NSP
எமுரை,எம் + உரை, NSP NSP NSP NSP SP NSP NSP NSP NSP
இவளாகும்,இவள் + ஆகும், NSP NSP NSP NSP NSP SP NSP NSP NSP NSP NSP NSP
அவனன்றான்,அவன் + என்றான், NSP NSP NSP NSP NSP SP NSP NSP NSP NSP NSP NSP NSP NSP
அவருதவி,அவர் + உதவி, NSP NSP NSP NSP NSP SP NSP NSP NSP NSP NSP
கையெடுத்தல்,கை + எடுத்தல், NSP NSP NSP SP NSP NSP NSP NSP NSP NSP NSP NSP NSP
சாரிடம்,சார் + இடம், NSP NSP NSP NSP NSP SP NSP NSP NSP NSP NSP
இதுஏன்,இது + ஏன், NSP NSP NSP NSP SP NSP NSP NSP NSP
போயெங்கே,போ + எங்கே, NSP NSP NSP SP NSP NSP NSP NSP NSP NSP
எதுவாகும்,எது + ஆகும், NSP NSP NSP NSP SP NSP NSP NSP NSP NSP NSP
நானடைவேன்,நான் + அடைவேன், NSP NSP NSP NSP NSP SP NSP NSP NSP NSP NSP NSP NSP NSP
நீயேன்,நீ + ஏன், NSP NSP NSP SP NSP NSP NSP NSP
அதிங்கே,அது + இங்கே, NSP NSP NSP NSP SP NSP NSP NSP NSP NSP NSP
அதுவவன்,அது + அவன், NSP NSP NSP NSP SP NSP NSP NSP NSP NSP
அவரொப்பனை,அவர் + ஒப்பனை, NSP NSP NSP NSP NSP SP NSP NSP NSP NSP NSP NSP NSP
இதொவ்வொரு,இது + ஒவ்வொரு, NSP NSP NSP NSP SP NSP NSP NSP NSP NSP NSP NSP NSP
உனூக்கம்,உன் + ஊக்கம், NSP NSP NSP NSP SP NSP NSP NSP NSP NSP NSP NSP
அவனங்கு,அவன் + அங்கு, NSP NSP NSP NSP NSP SP NSP NSP NSP NSP NSP NSP
உள்ளிடம்,உள் + இடம், NSP NSP NSP NSP SP NSP NSP NSP NSP NSP
கீழூர்,கீழ் + ஊர், NSP NSP NSP NSP NSP SP NSP NSP NSP NSP
மேலடி,மேல் + அடி, NSP NSP NSP NSP NSP SP NSP NSP NSP NSP
கையாடு,கை + ஆடு, NSP NSP NSP SP NSP NSP NSP NSP
கதையது,கதை + இது, NSP NSP NSP NSP SP NSP NSP NSP NSP
வழியிருக்கிறது,வழி + இருக்கிறது, NSP NSP NSP NSP SP NSP NSP NSP NSP NSP NSP NSP NSP NSP NSP NSP
நீரலை,நீர் + அலை, NSP NSP NSP NSP NSP SP NSP NSP NSP NSP
அடியுதவியாளர்,அடி + உதவியாளர், NSP NSP NSP NSP SP NSP NSP NSP NSP NSP NSP NSP NSP NSP NSP
இலையுதவி,இலை + உதவி, NSP NSP NSP NSP SP NSP NSP NSP NSP NSP
சோறேந்தி,சோறு + ஏந்தி, NSP NSP NSP NSP NSP SP NSP NSP NSP NSP NSP NSP
மழையடி,மழை + அடி, NSP NSP NSP NSP SP NSP NSP NSP NSP
பசியடக்குதல்,பசி + அடக்குதல், NSP NSP NSP NSP SP NSP NSP NSP NSP NSP NSP NSP NSP NSP NSP
நீயொப்புதல்,நீ + ஒப்புதல், NSP NSP NSP SP NSP NSP NSP NSP NSP NSP NSP NSP NSP
தாயுண்மை,தாய் + உண்மை, NSP NSP NSP NSP NSP SP NSP NSP NSP NSP NSP NSP
தேரெழுத்து,தேர் + எழுத்து, NSP NSP NSP NSP NSP SP NSP NSP NSP NSP NSP NSP NSP NSP
கண்ண்பிடி,கண் + பிடி, NSP NSP NSP NSP SP NSP NSP NSP NSP NSP
பத்தெரு,பல் + தெரு, NSP NSP NSP NSP SP NSP NSP NSP NSP NSP
பூங்கதை,பூஞ் + கதை, NSP NSP NSP NSP NSP SP NSP NSP NSP NSP
சொன்னூல்,சொல் + நூல், NSP NSP NSP NSP NSP SP NSP NSP NSP NSP NSP
விளைப்பசி,விளை + பசி, NSP NSP NSP NSP NSP SP NSP NSP NSP NSP
ஆண்பெயர்,ஆள் + பெயர், NSP NSP NSP NSP SP NSP NSP NSP NSP NSP NSP
கூர்பசி,கூழ் + பசி, NSP NSP NSP NSP NSP SP NSP NSP NSP NSP
பற்காய்,பல் + காய், NSP NSP NSP NSP SP NSP NSP NSP NSP NSP
செம்பசி,செம் + பசி, NSP NSP NSP NSP NSP SP NSP NSP NSP NSP
கற்பாறை,கல் + பாறை, NSP NSP NSP NSP SP NSP NSP NSP NSP NSP
மண்ண்குளம்,மண் + குளம், NSP NSP NSP NSP SP NSP NSP NSP NSP NSP NSP
புன்னூல்,புன் + நூல், NSP NSP NSP NSP NSP SP NSP NSP NSP NSP NSP
வாள்படை,வாள் + படை, NSP NSP NSP NSP NSP SP NSP NSP NSP NSP
தென்பக்கம்,தென் + பக்கம், NSP NSP NSP NSP NSP SP NSP NSP NSP NSP NSP NSP NSP
தண்காற்று,தண் + காற்று, NSP NSP NSP NSP SP NSP NSP NSP NSP NSP NSP NSP
தண்பனி,தண் + பனி, NSP NSP NSP NSP SP NSP NSP NSP NSP
மண்டிரண்டு,மண் + திரண்டு, NSP NSP NSP NSP SP NSP NSP NSP NSP NSP NSP NSP NSP
கள்மூட்டுக்,கல் + மூட்டுக், NSP NSP NSP NSP SP NSP NSP NSP NSP NSP NSP NSP NSP NSP
பழம்பொதி,பழம் + பொதி, NSP NSP NSP NSP NSP SP NSP NSP NSP NSP NSP
வண்கூடு,வண் + கூடு, NSP NSP NSP NSP SP NSP NSP NSP NSP NSP
கண்ண்புரை,கண் + புரை, NSP NSP NSP NSP SP NSP NSP NSP NSP NSP
பல்வீடு,பல் + வீடு, NSP NSP NSP NSP SP NSP NSP NSP NSP NSP
செம்போர்,செம் + போர், NSP NSP NSP NSP NSP SP NSP NSP NSP NSP NSP
புட்பறவை,புள் + பறவை, NSP NSP NSP NSP NSP SP NSP NSP NSP NSP NSP
தொன்கதை,தொல் + கதை, NSP NSP NSP NSP NSP SP NSP NSP NSP NSP
தள்குணம்,தள் + குணம், NSP NSP NSP NSP SP NSP NSP NSP NSP NSP NSP
நீள்பறவை,நீள் + பறவை, NSP NSP NSP NSP NSP SP NSP NSP NSP NSP NSP
ஆண்பணி,ஆள் + பணி, NSP NSP NSP NSP SP NSP NSP NSP NSP
பற்கதை,பல் + கதை, NSP NSP NSP NSP SP NSP NSP NSP NSP
வாள்பாய்ச்சி,வாள் + பாய்ச்சி, NSP NSP NSP NSP NSP SP NSP NSP NSP NSP NSP NSP NSP NSP NSP
கற்பிளவு,கல் + பிளவு, NSP NSP NSP NSP SP NSP NSP NSP NSP NSP NSP
வண்கதிர்,வண் + கதிர், NSP NSP NSP NSP SP NSP NSP NSP NSP NSP NSP
மண்ண்பயிர்,மண் + பயிர், NSP NSP NSP NSP SP NSP NSP NSP NSP NSP NSP
கண்ண்புண்ணி,கண் + புண்ணி, NSP NSP NSP NSP SP NSP NSP NSP NSP NSP NSP NSP
வாள்பாடல்,வாள் + பாடல், NSP NSP NSP NSP NSP SP NSP NSP NSP NSP NSP NSP
மேபார்,மே + பார், NSP NSP NSP SP NSP NSP NSP NSP NSP
நீபோ,நீ + போ, NSP NSP NSP SP NSP NSP NSP
அதுசுமை,அது + சுமை, NSP NSP NSP NSP SP NSP NSP NSP NSP NSP
இங்குபோ,இங்கு + போ, NSP NSP NSP NSP NSP NSP SP NSP NSP NSP
நான்சொல்,நான் + சொல், NSP NSP NSP NSP NSP SP NSP NSP NSP NSP NSP
அதுதொடர்,அது + தொடர், NSP NSP NSP NSP SP NSP NSP NSP NSP NSP NSP
எதுபரிசு,எது + பரிசு, NSP NSP NSP NSP SP NSP NSP NSP NSP NSP NSP
அதுகதவு,அது + கதவு, NSP NSP NSP NSP SP NSP NSP NSP NSP NSP
நீநட,நீ + நட, NSP NSP NSP SP NSP NSP NSP
அதுபயணம்,அது + பயணம், NSP NSP NSP NSP SP NSP NSP NSP NSP NSP NSP
மேகொடி,மே + கொடி, NSP NSP NSP SP NSP NSP NSP NSP NSP
நீபக்கம்,நீ + பக்கம், NSP NSP NSP SP NSP NSP NSP NSP NSP NSP NSP
அதுவழி,அது + வழி, NSP NSP NSP NSP SP NSP NSP NSP NSP
இதுபயிர்,இது + பயிர், NSP NSP NSP NSP SP NSP NSP NSP NSP NSP NSP
எதுதெரு,எது + தெரு, NSP NSP NSP NSP SP NSP NSP NSP NSP NSP
நான்பணம்,நான் + பணம், NSP NSP NSP NSP NSP SP NSP NSP NSP NSP NSP
இதுமுடி,இது + முடி, NSP NSP NSP NSP SP NSP NSP NSP NSP NSP
நீபெயர்,நீ + பெயர், NSP NSP NSP SP NSP NSP NSP NSP NSP NSP
எங்குபோ,எங்கு + போ, NSP NSP NSP NSP NSP NSP SP NSP NSP NSP
அதுபலம்,அது + பலம், NSP NSP NSP NSP SP NSP NSP NSP NSP NSP
நீதேர்வு,நீ + தேர்வு, NSP NSP NSP SP NSP NSP NSP NSP NSP NSP NSP
அதுபாடம்,அது + பாடம், NSP NSP NSP NSP SP NSP NSP NSP NSP NSP NSP
எதுவலை,எது + வலை, NSP NSP NSP NSP SP NSP NSP NSP NSP
இதுகதை,இது + கதை, NSP NSP NSP NSP SP NSP NSP NSP NSP
நீமுன்,நீ + முன், NSP NSP NSP SP NSP NSP NSP NSP NSP
மாபல்,மா + பல், NSP NSP NSP SP NSP NSP NSP NSP
தேர்வரை,தேர் + வரை, NSP NSP NSP NSP NSP SP NSP NSP NSP NSP
போர்கடல்,போர் + கடல், NSP NSP NSP NSP NSP SP NSP NSP NSP NSP NSP
சோறுபழம்,சோறு + பழம், NSP NSP NSP NSP NSP SP NSP NSP NSP NSP NSP
வாரிகெடுதல்,வாரி + கெடுதல், NSP NSP NSP NSP NSP SP NSP NSP NSP NSP NSP NSP NSP NSP
வீடுபடி,வீடு + படி, NSP NSP NSP NSP NSP SP NSP NSP NSP NSP
ஓடுசுழல்,ஓடு + சுழல், NSP NSP NSP NSP SP NSP NSP NSP NSP NSP NSP
நாடுசுற்று,நாடு + சுற்று, NSP NSP NSP NSP NSP SP NSP NSP NSP NSP NSP NSP NSP
காடுகொல்லை,காடு + கொல்லை, NSP NSP NSP NSP NSP SP NSP NSP NSP NSP NSP NSP NSP
கோடுமாலை,கோடு + மாலை, NSP NSP NSP NSP NSP SP NSP NSP NSP NSP NSP
புதுவீடு,புது + வீடு, NSP NSP NSP NSP NSP SP NSP NSP NSP NSP NSP
மதுபாலை,மது + பாலை, NSP NSP NSP NSP SP NSP NSP NSP NSP NSP
தளிர்பூ,தளிர் + பூ, NSP NSP NSP NSP NSP NSP SP NSP NSP NSP
திருகதை,திரு + கதை, NSP NSP NSP NSP NSP SP NSP NSP NSP NSP
அருங்கதை,அரு + கதை, NSP NSP NSP NSP SP NSP NSP NSP NSP
பூவலி,பூ + வலி, NSP NSP NSP SP NSP NSP NSP NSP
அருள்வாக்கு,அருள் + வாக்கு, NSP NSP NSP NSP NSP NSP SP NSP NSP NSP NSP NSP NSP NSP
மடல்வளம்,மடல் + வளம், NSP NSP NSP NSP NSP SP NSP NSP NSP NSP NSP
தழைபூ,தழை + பூ, NSP NSP NSP NSP SP NSP NSP NSP
மதியெழில்,மதி + எழில், NSP NSP NSP NSP SP NSP NSP NSP NSP NSP NSP
கனிவிதி,கனி + விதி, NSP NSP NSP NSP SP NSP NSP NSP NSP NSP
விரையணம்,விரை + அணம், NSP NSP NSP NSP NSP SP NSP NSP NSP NSP NSP
பசும்படை,பசு + படை, NSP NSP NSP NSP SP NSP NSP NSP NSP
வளமொழி,வளம் + மொழி, NSP NSP NSP NSP NSP SP NSP NSP NSP NSP NSP
விரைவகம்,விரை + வகம், NSP NSP NSP NSP NSP SP NSP NSP NSP NSP NSP
நினைவூட்டு,நினை + ஊட்டு, NSP NSP NSP NSP NSP SP NSP NSP NSP NSP NSP NSP
கலர்இனம்,கள + இனம், NSP NSP NSP SP NSP NSP NSP NSP NSP
மறுகதை,மறு + கதை, NSP NSP NSP NSP SP NSP NSP NSP NSP
அலைகூடு,அலை + கூடு, NSP NSP NSP NSP SP NSP NSP NSP NSP NSP
கனவோசை,கனவு + ஓசை, NSP NSP NSP NSP NSP SP NSP NSP NSP NSP
விருப்பம்,விருப்பு + ஆம், NSP NSP NSP NSP NSP NSP NSP NSP NSP SP NSP NSP NSP NSP
நனிபணி,நனி + பணி, NSP NSP NSP NSP SP NSP NSP NSP NSP
மதிபடகு,மதி + படகு, NSP NSP NSP NSP SP NSP NSP NSP NSP NSP
இனியுரை,இனி + உரை, NSP NSP NSP NSP SP NSP NSP NSP NSP
மணியோசை,மணி + ஓசை, NSP NSP NSP NSP SP NSP NSP NSP NSP
கனியமுது,கனி + அமுது, NSP NSP NSP NSP SP NSP NSP NSP NSP NSP NSP
பெருவினை,பெரு + வினை, NSP NSP NSP NSP NSP SP NSP NSP NSP NSP NSP
மனோரகம்,மனோ + ரகம், NSP NSP NSP NSP SP NSP NSP NSP NSP NSP
மகிழ்வோடு,மகிழ்வு + ஓடு, NSP NSP NSP NSP NSP NSP NSP NSP SP NSP NSP NSP NSP
முறையீடு,முறை + ஈடு, NSP NSP NSP NSP NSP SP NSP NSP NSP NSP
தெளிவுரை,தெளிவு + உரை, NSP NSP NSP NSP NSP NSP NSP SP NSP NSP NSP NSP
மீன்பணி,மீன் + பணி, NSP NSP NSP NSP NSP SP NSP NSP NSP NSP
அருஞ்சோறு,அரும் + சோறு, NSP NSP NSP NSP NSP NSP SP NSP NSP NSP NSP NSP
மலர்மணம்,மலர் + மணம், NSP NSP NSP NSP NSP SP NSP NSP NSP NSP NSP
அன்புரு,அன்பு + உரு, NSP NSP NSP NSP NSP NSP SP NSP NSP NSP NSP
மண்ணழகு,மண் + அழகு, NSP NSP NSP NSP SP NSP NSP NSP NSP NSP
கலையோடை,கலை + ஓடை, NSP NSP NSP NSP SP NSP NSP NSP NSP
புயல்கூட்டம்,புயல் + கூட்டம், NSP NSP NSP NSP NSP NSP SP NSP NSP NSP NSP NSP NSP NSP NSP
சிறுகதை,சிறு + கதை, NSP NSP NSP NSP NSP SP NSP NSP NSP NSP
தளிர்க்கொடி,தளிர் + கொடி, NSP NSP NSP NSP NSP NSP SP NSP NSP NSP NSP NSP
கனல்மணி,கனல் + மணி, NSP NSP NSP NSP NSP SP NSP NSP NSP NSP
பட்டமழை,பட்டம் + மழை, NSP NSP NSP NSP NSP NSP NSP SP NSP NSP NSP NSP
பொன்னிறம்,பொன் + நிறம், NSP NSP NSP NSP NSP SP NSP NSP NSP NSP NSP NSP
கோலமழை,கோலம் + மழை, NSP NSP NSP NSP NSP NSP SP NSP NSP NSP NSP
மழைக்காற்று,மழை + காற்று, NSP NSP NSP NSP SP NSP NSP NSP NSP NSP NSP NSP
நல்லொழுக்கு,நல் + ஒழுக்கு, NSP NSP NSP NSP SP NSP NSP NSP NSP NSP NSP NSP NSP
கனவுலகம்,கனவு + உலகம், NSP NSP NSP NSP NSP SP NSP NSP NSP NSP NSP NSP
வான்சிறகு,வான் + சிறகு, NSP NSP NSP NSP NSP SP NSP NSP NSP NSP NSP NSP
நிலாப்புனல்,நிலா + புனல், NSP NSP NSP NSP NSP SP NSP NSP NSP NSP NSP NSP
அரசமரம்,அரசு + மரம், NSP NSP NSP NSP NSP SP NSP NSP NSP NSP NSP
தென்றலோசை,தென்றல் + ஓசை, NSP NSP NSP NSP NSP NSP NSP NSP SP NSP NSP NSP NSP
அவையரங்கம்,அவை + அரங்கம், NSP NSP NSP NSP SP NSP NSP NSP NSP NSP NSP NSP NSP
பனிமணி,பனி + மணி, NSP NSP NSP NSP SP NSP NSP NSP NSP
மணிக்கொடி,மணி + கொடி, NSP NSP NSP NSP SP NSP NSP NSP NSP NSP
சிறுபுனல்,சிறு + புனல், NSP NSP NSP NSP NSP SP NSP NSP NSP NSP NSP NSP
கழுமரநிழல்,கழுமரம் + நிழல், NSP NSP NSP NSP NSP NSP NSP NSP SP NSP NSP NSP NSP NSP NSP
கதிரவொளி,கதிர் + ஒளி, NSP NSP NSP NSP NSP NSP SP NSP NSP NSP NSP
மழைநிலம்,மழை + நிலம், NSP NSP NSP NSP SP NSP NSP NSP NSP NSP NSP
தீபமணி,தீபம் + மணி, NSP NSP NSP NSP NSP NSP SP NSP NSP NSP NSP
விளக்குறு,விளக்கு + உரு, NSP NSP NSP NSP NSP NSP NSP NSP SP NSP NSP NSP NSP
மணப்பந்தல்,மணம் + பந்தல், NSP NSP NSP NSP NSP SP NSP NSP NSP NSP NSP NSP NSP
நிலவோடு,நிலவு + ஓடு, NSP NSP NSP NSP NSP NSP SP NSP NSP NSP NSP
மணிச்செடி,மணி + செடி, NSP NSP NSP NSP SP NSP NSP NSP NSP NSP
வெள்ளமடி,வெள்ளம் + அடி, NSP NSP NSP NSP NSP NSP NSP NSP SP NSP NSP NSP NSP
மண்மழை,மண் + மழை, NSP NSP NSP NSP SP NSP NSP NSP NSP
புனல்நதி,புனல் + நதி, NSP NSP NSP NSP NSP NSP SP NSP NSP NSP NSP
நிலாச் சோறு,நிலா + சோறு, NSP NSP NSP NSP NSP SP NSP NSP NSP NSP NSP
கொட்டமழை,கொட்டும் + மழை, NSP NSP NSP NSP NSP NSP NSP NSP NSP SP NSP NSP NSP NSP
அரசகோவில்,அரசு + கோவில், NSP NSP NSP NSP NSP SP NSP NSP NSP NSP NSP NSP NSP
கொல்லைப்புறம்,கொல்லை + புறம், NSP NSP NSP NSP NSP NSP NSP SP NSP NSP NSP NSP NSP NSP
வாழ்வுரை,வாழ்வு + உரை, NSP NSP NSP NSP NSP NSP NSP SP NSP NSP NSP NSP
மருமொழி,மரு + மொழி, NSP NSP NSP NSP SP NSP NSP NSP NSP NSP
கனல்நெருப்பு,கனல் + நெருப்பு, NSP NSP NSP NSP NSP SP NSP NSP NSP NSP NSP NSP NSP NSP NSP
காற்றொசை,காற்று + ஓசை, NSP NSP NSP NSP NSP NSP NSP SP NSP NSP NSP NSP
அருள்மணி,அருள் + மணி, NSP NSP NSP NSP NSP NSP SP NSP NSP NSP NSP
மழைப்பொழிவு,மழை + பொழிவு, NSP NSP NSP NSP SP NSP NSP NSP NSP NSP NSP NSP
வாழ்மரம்,வாழ் + மரம், NSP NSP NSP NSP NSP SP NSP NSP NSP NSP NSP
கதிர்ச்சிறகு,கதிர் + சிறகு, NSP NSP NSP NSP NSP NSP SP NSP NSP NSP NSP NSP NSP
குழலோசை,குழல் + ஓசை, NSP NSP NSP NSP NSP NSP SP NSP NSP NSP NSP
முழுமதி,முழு + மதி, NSP NSP NSP NSP NSP SP NSP NSP NSP NSP
கோட்டரங்கு,கோட்டம் + அரங்கு, NSP NSP NSP NSP NSP NSP NSP NSP SP NSP NSP NSP NSP NSP NSP NSP
முத்துலகம்,முத்து + உலகம், NSP NSP NSP NSP NSP NSP NSP SP NSP NSP NSP NSP NSP NSP
நிலாஒளி,நிலா + ஒளி, NSP NSP NSP NSP NSP SP NSP NSP NSP NSP
மழைக்கண்,மழை + கண், NSP NSP NSP NSP SP NSP NSP NSP NSP
அமுதேழு,அமுது + எழு, NSP NSP NSP NSP NSP NSP SP NSP NSP NSP NSP
அன்னபொதி,அன்னம் + பொதி, NSP NSP NSP NSP NSP NSP NSP SP NSP NSP NSP NSP NSP
களிமண்,களி + மண், NSP NSP NSP NSP SP NSP NSP NSP NSP
பனிக்காற்று,பனி + காற்று, NSP NSP NSP NSP SP NSP NSP NSP NSP NSP NSP NSP
மரமெழில்,மரம் + எழில், NSP NSP NSP NSP NSP SP NSP NSP NSP NSP NSP NSP
கனவொழுகு,கனவு + ஒழுகு, NSP NSP NSP NSP NSP SP NSP NSP NSP NSP NSP NSP
அறிவொளி,அறிவு + ஒளி, NSP NSP NSP NSP NSP NSP SP NSP NSP NSP NSP
கனிகொடை,கனி + கொடை, NSP NSP NSP NSP SP NSP NSP NSP NSP NSP
மதியோசனை,மதி + ஓசனை, NSP NSP NSP NSP SP NSP NSP NSP NSP NSP
மழைதுளி,மழை + துளி, NSP NSP NSP NSP SP NSP NSP NSP NSP NSP
கதிர்கோடு,கதிர் + கோடு, NSP NSP NSP NSP NSP NSP SP NSP NSP NSP NSP NSP
கனல்கொடி,கனல் + கொடி, NSP NSP NSP NSP NSP SP NSP NSP NSP NSP NSP
பனித்துளிர்,பனி + துளிர், NSP NSP NSP NSP SP NSP NSP NSP NSP NSP NSP NSP
விரிவுரை,விரிவு + உரை, NSP NSP NSP NSP NSP NSP NSP SP NSP NSP NSP NSP
அழகுறு,அழகு + உரு, NSP NSP NSP NSP NSP SP NSP NSP NSP NSP
மலர்ப்புன்னகை,மலர் + புன்னகை, NSP NSP NSP NSP NSP SP NSP NSP NSP NSP NSP NSP NSP NSP
நிலவழகி,நிலா + அழகி, NSP NSP NSP NSP NSP SP NSP NSP NSP NSP NSP
கதிர்கொட்டம்,கதிர் + கொட்டம், NSP NSP NSP NSP NSP NSP SP NSP NSP NSP NSP NSP NSP NSP NSP
வான்துளி,வான் + துளி, NSP NSP NSP NSP NSP SP NSP NSP NSP NSP NSP
மண்மேடு,மண் + மேடு, NSP NSP NSP NSP SP NSP NSP NSP NSP NSP
கனல்விழி,கனல் + விழி, NSP NSP NSP NSP NSP SP NSP NSP NSP NSP NSP
நிலவூற்று,நிலா + ஊற்று, NSP NSP NSP NSP NSP SP NSP NSP NSP NSP NSP NSP
பனியொளி,பனி + ஒளி, NSP NSP NSP NSP SP NSP NSP NSP NSP
கோட்புனல்,கோடு + புனல், NSP NSP NSP NSP NSP SP NSP NSP NSP NSP NSP NSP
மண்ணூறு,மண் + ஊறு, NSP NSP NSP NSP SP NSP NSP NSP NSP
கால்மணி,கால் + மணி, NSP NSP NSP NSP NSP SP NSP NSP NSP NSP
கதிர்பூ,கதிர் + பூ, NSP NSP NSP NSP NSP NSP SP NSP NSP NSP
விரிதுளி,விரி + துளி, NSP NSP NSP NSP NSP SP NSP NSP NSP NSP NSP
கனவழகு,கனவு + அழகு, NSP NSP NSP NSP NSP SP NSP NSP NSP NSP NSP
அமுதமழை,அமுது + மழை, NSP NSP NSP NSP NSP NSP SP NSP NSP NSP NSP
கலந்தமுது,கலந்து + அமுது, NSP NSP NSP NSP NSP NSP NSP SP NSP NSP NSP NSP NSP NSP
நிலமணி,நிலம் + மணி, NSP NSP NSP NSP NSP NSP SP NSP NSP NSP NSP
கனல்புனல்,கனல் + புனல், NSP NSP NSP NSP NSP SP NSP NSP NSP NSP NSP NSP
மறுநிலை,மறு + நிலை, NSP NSP NSP NSP SP NSP NSP NSP NSP NSP
வான்கோலம்,வான் + கோலம், NSP NSP NSP NSP NSP SP NSP NSP NSP NSP NSP NSP
மழைசூழல்,மழை + சூழல், NSP NSP NSP NSP SP NSP NSP NSP NSP NSP NSP
கொடியழகு,கொடி + அழகு, NSP NSP NSP NSP NSP SP NSP NSP NSP NSP NSP
முகமணி,முகம் + மணி, NSP NSP NSP NSP NSP NSP SP NSP NSP NSP NSP
பூவழகி,பூ + அழகி, NSP NSP NSP SP NSP NSP NSP NSP NSP
கிளிமொழி,கிளி + மொழி, NSP NSP NSP NSP NSP SP NSP NSP NSP NSP NSP
நீர்மணி,நீர் + மணி, NSP NSP NSP NSP NSP SP NSP NSP NSP NSP
வளர்கதிர்,வளர + கதிர், NSP NSP NSP NSP SP NSP NSP NSP NSP NSP NSP
மகிழ்புனல்,மகிழ் + புனல், NSP NSP NSP NSP NSP NSP SP NSP NSP NSP NSP NSP NSP
கனவோசனை,கனவு + ஓசனை, NSP NSP NSP NSP NSP SP NSP NSP NSP NSP NSP
மென்மொழி,மென் + மொழி, NSP NSP NSP NSP NSP SP NSP NSP NSP NSP NSP
வானுறு,வான் + உரு, NSP NSP NSP NSP NSP SP NSP NSP NSP NSP
நிலமருது,நிலம் + அருது, NSP NSP NSP NSP NSP NSP SP NSP NSP NSP NSP NSP NSP
அழகமலர்,அழகு + மலர், NSP NSP NSP NSP NSP SP NSP NSP NSP NSP NSP
கனல்வானம்,கனல் + வானம், NSP NSP NSP NSP NSP SP NSP NSP NSP NSP NSP NSP
மலர்நதி,மலர் + நதி, NSP NSP NSP NSP NSP SP NSP NSP NSP NSP
மழைக்கோடு,மழை + கோடு, NSP NSP NSP NSP SP NSP NSP NSP NSP NSP
பனிமரம்,பனி + மரம், NSP NSP NSP NSP SP NSP NSP NSP NSP NSP
கதிர்ப்புன்னகை,கதிர் + புன்னகை, NSP NSP NSP NSP NSP NSP SP NSP NSP NSP NSP NSP NSP NSP NSP
கூட்புனல்,கூட + புனல், NSP NSP NSP NSP SP NSP NSP NSP NSP NSP NSP
புனன்மணி,புனம் + மணி, NSP NSP NSP NSP NSP NSP SP NSP NSP NSP NSP
கனலோடு,கனல் + ஓடு, NSP NSP NSP NSP NSP SP NSP NSP NSP NSP
அமுதமணம்,அமுது + மணம், NSP NSP NSP NSP NSP NSP SP NSP NSP NSP NSP NSP
மகிழ்வனம்,மகிழ் + வனம், NSP NSP NSP NSP NSP NSP SP NSP NSP NSP NSP NSP
நீர்ப்புனல்,நீர் + புனல், NSP NSP NSP NSP NSP SP NSP NSP NSP NSP NSP NSP
மண்வளம்,மண் + வளம், NSP NSP NSP NSP SP NSP NSP NSP NSP NSP
விரவோசை,விரவு + ஓசை, NSP NSP NSP NSP NSP NSP SP NSP NSP NSP NSP
அன்னகூடு,அன்னம் + கூடு, NSP NSP NSP NSP NSP NSP NSP SP NSP NSP NSP NSP NSP
வளர்கோலம்,வளர + கோலம், NSP NSP NSP NSP SP NSP NSP NSP NSP NSP NSP
மணியோடை,மணி + ஓடை, NSP NSP NSP NSP SP NSP NSP NSP NSP
புனற்புனல்,புனர் + புனல், NSP NSP NSP NSP NSP NSP SP NSP NSP NSP NSP NSP NSP
கதிர்வேலை,கதிர் + வேலை, NSP NSP NSP NSP NSP NSP SP NSP NSP NSP NSP NSP
கொடியோடை,கொடி + ஓடை, NSP NSP NSP NSP NSP SP NSP NSP NSP NSP
வான்பனி,வான் + பனி, NSP NSP NSP NSP NSP SP NSP NSP NSP NSP
கனல்வனம்,கனல் + வனம், NSP NSP NSP NSP NSP SP NSP NSP NSP NSP NSP
மண்வெளி,மண் + வெளி, NSP NSP NSP NSP SP NSP NSP NSP NSP NSP
களிமணி,களி + மணி, NSP NSP NSP NSP SP NSP NSP NSP NSP
அனல்புனல்,அனல் + புனல், NSP NSP NSP NSP NSP SP NSP NSP NSP NSP NSP NSP
நிலவுகோடு,நிலவு + கோடு, NSP NSP NSP NSP NSP NSP SP NSP NSP NSP NSP NSP
மலர்கூட்டம்,மலர் + கூட்டம், NSP NSP NSP NSP NSP SP NSP NSP NSP NSP NSP NSP NSP NSP
விரிவினை,விரி + வினை, NSP NSP NSP NSP NSP SP NSP NSP NSP NSP NSP
மென்மணி,மென் + மணி, NSP NSP NSP NSP NSP SP NSP NSP NSP NSP
கோடிமணி,கோடி + மணி, NSP NSP NSP NSP NSP SP NSP NSP NSP NSP
நிலவ்புனல்,நிலவு + புனல், NSP NSP NSP NSP NSP NSP SP NSP NSP NSP NSP NSP NSP
மழைக்கூடல்,மழை + கூடல், NSP NSP NSP NSP SP NSP NSP NSP NSP NSP NSP
மண்கோடு,மண் + கோடு, NSP NSP NSP NSP SP NSP NSP NSP NSP NSP
மகிழ்விழி,மகிழ் + விழி, NSP NSP NSP NSP NSP NSP SP NSP NSP NSP NSP NSP
வானகோடு,வான + கோடு, NSP NSP NSP NSP SP NSP NSP NSP NSP NSP
நிலவோசை,நிலவு + ஓசை, NSP NSP NSP NSP NSP NSP SP NSP NSP NSP NSP
அனல்மணி,அனல் + மணி, NSP NSP NSP NSP NSP SP NSP NSP NSP NSP
மழையொசை,மழை + ஓசை, NSP NSP NSP NSP SP NSP NSP NSP NSP
வான்கூட்டம்,வான் + கூட்டம், NSP NSP NSP NSP NSP SP NSP NSP NSP NSP NSP NSP NSP NSP
மணியழகு,மணி + அழகு, NSP NSP NSP NSP SP NSP NSP NSP NSP NSP
கதிர்கூடு,கதிர் + கூடு, NSP NSP NSP NSP NSP NSP SP NSP NSP NSP NSP NSP
அழகுகோடு,அழகு + கோடு, NSP NSP NSP NSP NSP SP NSP NSP NSP NSP NSP
வான்ப்புனல்,வான் + புனல், NSP NSP NSP NSP NSP SP NSP NSP NSP NSP NSP NSP
அமுதவனம்,அமுது + வனம், NSP NSP NSP NSP NSP NSP SP NSP NSP NSP NSP NSP
நிலவுயிர்,நிலவு + உயிர், NSP NSP NSP NSP NSP NSP SP NSP NSP NSP NSP NSP NSP
கனல்கோடு,கனல் + கோடு, NSP NSP NSP NSP NSP SP NSP NSP NSP NSP NSP
அனல்மரம்,அனல் + மரம், NSP NSP NSP NSP NSP SP NSP NSP NSP NSP NSP
மகிழ்கோடு,மகிழ் + கோடு, NSP NSP NSP NSP NSP NSP SP NSP NSP NSP NSP NSP
நீர்வனம்,நீர் + வனம், NSP NSP NSP NSP NSP SP NSP NSP NSP NSP NSP
மலர்விழி,மலர் + விழி, NSP NSP NSP NSP NSP SP NSP NSP NSP NSP NSP
மழைப்புனல்,மழை + புனல், NSP NSP NSP NSP SP NSP NSP NSP NSP NSP NSP
வானலவு,வான + அலவு, NSP NSP NSP NSP SP NSP NSP NSP NSP NSP
அழகுமணி,அழகு + மணி, NSP NSP NSP NSP NSP SP NSP NSP NSP NSP
மலர்கோடு,மலர் + கோடு, NSP NSP NSP NSP NSP SP NSP NSP NSP NSP NSP
காற்றழகு,காற்று + அழகு, NSP NSP NSP NSP NSP NSP NSP SP NSP NSP NSP NSP NSP
புனலோசை,புனல் + ஓசை, NSP NSP NSP NSP NSP NSP SP NSP NSP NSP NSP
மலர்ச்சோலை,மலர் + சோலை, NSP NSP NSP NSP NSP SP NSP NSP NSP NSP NSP
நீர்மலை,நீர் + மலை, NSP NSP NSP NSP NSP SP NSP NSP NSP NSP
களிமழை,களி + மழை, NSP NSP NSP NSP SP NSP NSP NSP NSP
கதிர்வளம்,கதிர் + வளம், NSP NSP NSP NSP NSP NSP SP NSP NSP NSP NSP NSP
நிலவினி,நிலவு + இணி, NSP NSP NSP NSP NSP NSP SP NSP NSP NSP NSP
மண்ணிலே,மண் + இலே, NSP NSP NSP NSP SP NSP NSP NSP NSP
கான்வழி,கான் + வழி, NSP NSP NSP NSP NSP SP NSP NSP NSP NSP
மலர்மீன்,மலர் + மீன், NSP NSP NSP NSP NSP SP NSP NSP NSP NSP NSP
நீர்விழி,நீர் + விழி, NSP NSP NSP NSP NSP SP NSP NSP NSP NSP NSP
அனல்பொழிவு,அனல் + பொழிவு, NSP NSP NSP NSP NSP SP NSP NSP NSP NSP NSP NSP NSP
மலர்மடி,மலர் + மடி, NSP NSP NSP NSP NSP SP NSP NSP NSP NSP
மண்ணோசை,மண் + ஓசை, NSP NSP NSP NSP SP NSP NSP NSP NSP
வளர்கோடி,வளர + கோடி, NSP NSP NSP NSP SP NSP NSP NSP NSP NSP
கொடிபழம்,கொடி + பழம், NSP NSP NSP NSP NSP SP NSP NSP NSP NSP NSP
அழக்மதி,அழகு + மதி, NSP NSP NSP NSP NSP SP NSP NSP NSP NSP
நிலாப் புனல்,நிலா + புனல், NSP NSP NSP NSP NSP SP NSP NSP NSP NSP NSP NSP
மழைப்பாடு,மழை + பாடு, NSP NSP NSP NSP SP NSP NSP NSP NSP NSP
கதிர்பழம்,கதிர் + பழம், NSP NSP NSP NSP NSP NSP SP NSP NSP NSP NSP NSP
காட்டுச்சேலை,காடு + சேலை, NSP NSP NSP NSP NSP SP NSP NSP NSP NSP NSP
அனல்பூ,அனல் + பூ, NSP NSP NSP NSP NSP SP NSP NSP NSP
மலர்கோவை,மலர் + கோவை, NSP NSP NSP NSP NSP SP NSP NSP NSP NSP NSP
மண்ணகல்,மண் + அகல், NSP NSP NSP NSP SP NSP NSP NSP NSP NSP
நிலவானம்,நிலா + வானம், NSP NSP NSP NSP NSP SP NSP NSP NSP NSP NSP NSP
காட்டொழில்,காடு + தொழில், NSP NSP NSP NSP NSP SP NSP NSP NSP NSP NSP NSP NSP
மலர்செயல்,மலர் + செயல், NSP NSP NSP NSP NSP SP NSP NSP NSP NSP NSP NSP
கதிர்வளை,கதிர் + வளை, NSP NSP NSP NSP NSP NSP SP NSP NSP NSP NSP
நீர்கோடு,நீர் + கோடு, NSP NSP NSP NSP NSP SP NSP NSP NSP NSP NSP
காற்றோசை,காற்று + ஓசை, NSP NSP NSP NSP NSP NSP NSP SP NSP NSP NSP NSP
மலர்த்தேவதை,மலர் + தேவதை, NSP NSP NSP NSP NSP SP NSP NSP NSP NSP NSP NSP
மண்கொழுந்து,மண் + கொழுந்து, NSP NSP NSP NSP SP NSP NSP NSP NSP NSP NSP NSP NSP NSP
மழைப்புழு,மழை + புழு, NSP NSP NSP NSP SP NSP NSP NSP NSP NSP
காட்டரசு,காடு + அரசு, NSP NSP NSP NSP NSP SP NSP NSP NSP NSP NSP
மலர்த்தேன்,மலர் + தேன், NSP NSP NSP NSP NSP SP NSP NSP NSP NSP NSP
கொடியரசு,கொடி + அரசு, NSP NSP NSP NSP NSP SP NSP NSP NSP NSP NSP
நீர்த்துளி,நீர் + துளி, NSP NSP NSP NSP NSP SP NSP NSP NSP NSP NSP
களமணி,களம் + மணி, NSP NSP NSP NSP NSP SP NSP NSP NSP NSP
மழைப்பார்வை,மழை + பார்வை, NSP NSP NSP NSP SP NSP NSP NSP NSP NSP NSP NSP
நிலாப்பகல்,நிலா + பகல், NSP NSP NSP NSP NSP SP NSP NSP NSP NSP NSP
மண்ணாகம்,மண் + ஆகம், NSP NSP NSP NSP SP NSP NSP NSP NSP NSP
காற்றியல்பு,காற்று + இயல்பு, NSP NSP NSP NSP NSP NSP NSP SP NSP NSP NSP NSP NSP NSP NSP
மலர்மொழி,மலர் + மொழி, NSP NSP NSP NSP NSP SP NSP NSP NSP NSP NSP
வானநிலவு,வான் + நிலவு, NSP NSP NSP NSP NSP SP NSP NSP NSP NSP NSP NSP
கதிர்துளி,கதிர் + துளி, NSP NSP NSP NSP NSP NSP SP NSP NSP NSP NSP NSP
மழைக்குமிழ்,மழை + குமிழ், NSP NSP NSP NSP SP NSP NSP NSP NSP NSP NSP NSP
காற்றொலி,காற்று + ஒலி, NSP NSP NSP NSP NSP NSP NSP SP NSP NSP NSP NSP
மலர்மாலை,மலர் + மாலை, NSP NSP NSP NSP NSP SP NSP NSP NSP NSP NSP
மழைத்துடுப்பு,மழை + துடுப்பு, NSP NSP NSP NSP SP NSP NSP NSP NSP NSP NSP NSP NSP NSP
நிலாச் சுடர்,நிலா + சுடர், NSP NSP NSP NSP NSP SP NSP NSP NSP NSP NSP NSP
நீர்பாடல்,நீர் + பாடல், NSP NSP NSP NSP NSP SP NSP NSP NSP NSP NSP NSP
மண்சுழல்,மண் + சுழல், NSP NSP NSP NSP SP NSP NSP NSP NSP NSP NSP
மண்ணறிவு,மண் + அறிவு, NSP NSP NSP NSP SP NSP NSP NSP NSP NSP NSP
நீர்க்கொடி,நீர் + கொடி, NSP NSP NSP NSP NSP SP NSP NSP NSP NSP NSP
கதிர்செயல்,கதிர் + செயல், NSP NSP NSP NSP NSP NSP SP NSP NSP NSP NSP NSP NSP
மலர்கேணி,மலர் + கேணி, NSP NSP NSP NSP NSP SP NSP NSP NSP NSP NSP
காட்டுமலை,காடு + மலை, NSP NSP NSP NSP NSP SP NSP NSP NSP NSP
மழைத்தாலம்,மழை + தாலம், NSP NSP NSP NSP SP NSP NSP NSP NSP NSP NSP
வளர்மணல்,வளர + மணல், NSP NSP NSP NSP SP NSP NSP NSP NSP NSP
கொடியேலம்,கொடி + ஏலம், NSP NSP NSP NSP NSP SP NSP NSP NSP NSP NSP
நீர்க்கோலம்,நீர் + கோலம், NSP NSP NSP NSP NSP SP NSP NSP NSP NSP NSP NSP
மலர்க்குழல்,மலர் + குழல், NSP NSP NSP NSP NSP SP NSP NSP NSP NSP NSP NSP
மலர்விரல்,மலர் + விரல், NSP NSP NSP NSP NSP SP NSP NSP NSP NSP NSP NSP
மலர்சிலை,மலர் + சிலை, NSP NSP NSP NSP NSP SP NSP NSP NSP NSP NSP
வான்தேர்,வான் + தேர், NSP NSP NSP NSP NSP SP NSP NSP NSP NSP NSP
காட்கோடி,காடு + கோடி, NSP NSP NSP NSP NSP SP NSP NSP NSP NSP NSP
கதிர்கொடி,கதிர் + கொடி, NSP NSP NSP NSP NSP NSP SP NSP NSP NSP NSP NSP
மலர்ப்பட்டி,மலர் + பட்டி, NSP NSP NSP NSP NSP SP NSP NSP NSP NSP NSP NSP
நிலாவோடு,நிலா + ஓடு, NSP NSP NSP NSP NSP SP NSP NSP NSP NSP
மண்ணிசை,மண் + இசை, NSP NSP NSP NSP SP NSP NSP NSP NSP
மலர்க்கால்,மலர் + கால், NSP NSP NSP NSP NSP SP NSP NSP NSP NSP NSP
மழைத்தொடை,மழை + தொடை, NSP NSP NSP NSP SP NSP NSP NSP NSP NSP
கதிர்போகம்,கதிர் + போகம், NSP NSP NSP NSP NSP NSP SP NSP NSP NSP NSP NSP NSP
மண்ணளவு,மண் + அளவு, NSP NSP NSP NSP SP NSP NSP NSP NSP NSP
நீர்மழை,நீர் + மழை, NSP NSP NSP NSP NSP SP NSP NSP NSP NSP
காற்றுக்கோலம்,காற்று + கோலம், NSP NSP NSP NSP NSP NSP NSP SP NSP NSP NSP NSP NSP NSP
நிலவமுது,நிலவு + அமுது, NSP NSP NSP NSP NSP NSP SP NSP NSP NSP NSP NSP NSP
மழைத்தோணி,மழை + தோணி, NSP NSP NSP NSP SP NSP NSP NSP NSP NSP
காட்பெரி,காடு + பெரி, NSP NSP NSP NSP NSP SP NSP NSP NSP NSP NSP
மலர்குலம்,மலர் + குலம், NSP NSP NSP NSP NSP SP NSP NSP NSP NSP NSP NSP
மழைத்தெளிவு,மழை + தெளிவு, NSP NSP NSP NSP SP NSP NSP NSP NSP NSP NSP NSP
வளர்ந்தேர்,வளர + தேர், NSP NSP NSP NSP SP NSP NSP NSP NSP NSP
மண்ணுழல்,மண் + உழல், NSP NSP NSP NSP SP NSP NSP NSP NSP NSP
கான்நிலம்,கான் + நிலம், NSP NSP NSP NSP NSP SP NSP NSP NSP NSP NSP NSP
மழைச்சொல்,மழை + சொல், NSP NSP NSP NSP SP NSP NSP NSP NSP NSP
மலர்த்திரை,மலர் + திரை, NSP NSP NSP NSP NSP SP NSP NSP NSP NSP NSP
கதிர்பூமி,கதிர் + பூமி, NSP NSP NSP NSP NSP NSP SP NSP NSP NSP NSP NSP
காற்றுவனம்,காற்று + வனம், NSP NSP NSP NSP NSP NSP NSP SP NSP NSP NSP NSP NSP
மலர்ப்புறா,மலர் + புறா, NSP NSP NSP NSP NSP SP NSP NSP NSP NSP NSP
மழைப்புலி,மழை + புலி, NSP NSP NSP NSP SP NSP NSP NSP NSP NSP
கதிர்முடி,கதிர் + முடி, NSP NSP NSP NSP NSP NSP SP NSP NSP NSP NSP NSP
நீர்பக்கம்,நீர் + பக்கம், NSP NSP NSP NSP NSP SP NSP NSP NSP NSP NSP NSP NSP
மழைக்கனவு,மழை + கனவு, NSP NSP NSP NSP SP NSP NSP NSP NSP NSP
மண்ணோரம்,மண் + ஓரம், NSP NSP NSP NSP SP NSP NSP NSP NSP NSP
மழைக்குறி,மழை + குறி, NSP NSP NSP NSP SP NSP NSP NSP NSP NSP
காற்றுசோலை,காற்று + சோலை, NSP NSP NSP NSP NSP NSP NSP SP NSP NSP NSP NSP NSP
மழைத்தலை,மழை + தலை, NSP NSP NSP NSP SP NSP NSP NSP NSP
காற்றிறகு,காற்று + இறகு, NSP NSP NSP NSP NSP NSP NSP SP NSP NSP NSP NSP NSP
நிலவிரை,நிலவு + விரை, NSP NSP NSP NSP NSP NSP SP NSP NSP NSP NSP NSP
மண்ணோடை,மண் + ஓடை, NSP NSP NSP NSP SP NSP NSP NSP NSP
மழைக்குறள்,மழை + குறள், NSP NSP NSP NSP SP NSP NSP NSP NSP NSP NSP
பிறழ்ச்சி,பிற +ழ்ச்சி, NSP NSP NSP NSP SP NSP NSP NSP NSP NSP NSP
நெசவு,நெ + செவு, NSP NSP NSP SP NSP NSP NSP NSP NSP
வைகிதல்,வை + கிதல், NSP NSP NSP SP NSP NSP NSP NSP NSP NSP
சமயபுரி,சமய + புரி, NSP NSP NSP NSP SP NSP NSP NSP NSP NSP
எதிர்வினை,எதிர் + வினை, NSP NSP NSP NSP NSP NSP SP NSP NSP NSP NSP NSP
தயக்கம்,தயம் + கம், NSP NSP NSP NSP NSP SP NSP NSP NSP NSP
கிளர்ச்சி,கிள + அர்ச்சி, NSP NSP NSP NSP SP NSP NSP NSP NSP NSP NSP NSP NSP
முகமூடி,முக + மூடி, NSP NSP NSP NSP SP NSP NSP NSP NSP NSP
மதிப்பீடு,மதிப் + பீடு, NSP NSP NSP NSP NSP NSP SP NSP NSP NSP NSP NSP
மழைகடல்,மழை + கடல், NSP NSP NSP NSP SP NSP NSP NSP NSP NSP
அளப்பணி,அளப் + பணி, NSP NSP NSP NSP NSP SP NSP NSP NSP NSP
புனிதம்,பு + நிதம், NSP NSP NSP SP NSP NSP NSP NSP NSP NSP
நெருக்கம்,நே + ருக்கம், NSP NSP NSP SP NSP NSP NSP NSP NSP NSP NSP NSP
ஊக்கம்,ஊ + கம், NSP NSP SP NSP NSP NSP NSP
கவிதை,கவி +தை, NSP NSP NSP NSP SP NSP NSP
கடமை,கட + அமை, NSP NSP NSP SP NSP NSP NSP NSP
மறுவினை,மறு + வினை, NSP NSP NSP NSP SP NSP NSP NSP NSP NSP
புழுவாறு,புழு + வாறு, NSP NSP NSP NSP NSP SP NSP NSP NSP NSP NSP
மிகப்பிறப்பு,மிக + பிறப்பு, NSP NSP NSP NSP SP NSP NSP NSP NSP NSP NSP NSP NSP
பாராட்டுகள்,பா + ராட்டுகள், NSP NSP NSP SP NSP NSP NSP NSP NSP NSP NSP NSP NSP NSP
சந்தரிப்பு,சந் + தரிப்பு, NSP NSP NSP NSP SP NSP NSP NSP NSP NSP NSP NSP NSP
கோலாச்சாரம்,கோலா + ச்சாரம், NSP NSP NSP NSP NSP SP NSP NSP NSP NSP NSP NSP NSP NSP
பரிதாபம்,பரி + தாபம், NSP NSP NSP NSP SP NSP NSP NSP NSP NSP NSP
ஆற்றல்,ஆட் + ரல், NSP NSP NSP NSP SP NSP NSP NSP NSP
அரசாட்சி,அரச + ஆட்சிக்கு, NSP NSP NSP NSP SP NSP NSP NSP NSP NSP NSP NSP NSP NSP NSP
இணையலை,இன + அலை, NSP NSP NSP SP NSP NSP NSP NSP
கணினி,கணி + நிலி, NSP NSP NSP NSP SP NSP NSP NSP NSP NSP
நாடகம்,நாட + கம், NSP NSP NSP NSP SP NSP NSP NSP NSP
சொந்தவை,சொன் + தவை, NSP NSP NSP NSP NSP SP NSP NSP NSP NSP
தத்துவம்,தத் + துவம், NSP NSP NSP NSP SP NSP NSP NSP NSP NSP NSP
புயல் போகம்,புயல் + போகம், NSP NSP NSP NSP NSP NSP SP NSP NSP NSP NSP NSP NSP
பாராளுமன்றம்,பாரா + அளுமன்றம், NSP NSP NSP NSP NSP SP NSP NSP NSP NSP NSP NSP NSP NSP NSP NSP
புதுபுதுப்பு,புது + புதுப்பு, NSP NSP NSP NSP NSP SP NSP NSP NSP NSP NSP NSP NSP NSP NSP
ஒளிபரப்பு,ஒளி + பரப்பு, NSP NSP NSP NSP SP NSP NSP NSP NSP NSP NSP NSP
சங்கடம்,சங்க + டம், NSP NSP NSP NSP NSP SP NSP NSP NSP NSP
அறிவு உலகம்,அறி + வு உலகம், NSP NSP NSP NSP SP NSP NSP NSP NSP NSP NSP NSP NSP NSP
துவக்கம்,து + வக்கம், NSP NSP NSP SP NSP NSP NSP NSP NSP NSP NSP
சித்தாந்தம்,சித்தா +ந்தம், NSP NSP NSP NSP NSP NSP NSP SP NSP NSP NSP NSP NSP
போதைபொருள்,போதை + பொருள், NSP NSP NSP NSP NSP SP NSP NSP NSP NSP NSP NSP NSP
தீபம்,தீ + பம், NSP NSP NSP SP NSP NSP NSP NSP
துணிவு,துணி + வு, NSP NSP NSP NSP NSP SP NSP NSP NSP
அருட்பெருமை,அருட் + பெருமை, NSP NSP NSP NSP NSP NSP SP NSP NSP NSP NSP NSP NSP NSP
சக்தி வழி,சக்தி + வழி, NSP NSP NSP NSP NSP NSP SP NSP NSP NSP NSP
இன்சாகம்,இன்சா + கம், NSP NSP NSP NSP NSP NSP SP NSP NSP NSP NSP
மின்னொளி,மின் + ஒளி, NSP NSP NSP NSP NSP SP NSP NSP NSP NSP
உணர்வு,உணர் + வு, NSP NSP NSP NSP NSP SP NSP NSP NSP
காணொளி,காண + ஒளி, NSP NSP NSP NSP SP NSP NSP NSP NSP
தீவை,தீ + வை, NSP NSP NSP SP NSP NSP NSP
விலங்கு சிதைவுகள்,விலங்கு + சிதைவுகள், NSP NSP NSP NSP NSP NSP NSP NSP SP NSP NSP NSP NSP NSP NSP NSP NSP NSP NSP
அக்சிகரம்,அக்சி + கரம், NSP NSP NSP NSP NSP NSP SP NSP NSP NSP NSP NSP
பரிசோதனை,பரி + சோதனை, NSP NSP NSP NSP SP NSP NSP NSP NSP NSP NSP
சிறப்பு கூறு,சிறப் + பு கூறு, NSP NSP NSP NSP NSP NSP SP NSP NSP NSP NSP NSP NSP NSP NSP
விளக்கம்,விளக் + கம், NSP NSP NSP NSP NSP NSP SP NSP NSP NSP NSP
அதிகார உத்தி,அதிகா + உத்தி, NSP NSP NSP NSP NSP NSP SP NSP NSP NSP NSP NSP NSP
மற்றும்,மற் +றும், NSP NSP NSP NSP SP NSP NSP NSP NSP
திடப்படுத்தல்,திட + படுத்தல், NSP NSP NSP NSP SP NSP NSP NSP NSP NSP NSP NSP NSP NSP
துப்பரவைகள்,து + ப்பரவை, NSP NSP NSP SP NSP NSP NSP NSP NSP NSP NSP
எழுத்து வகைகள்,எழுத் +து வகைகள், NSP NSP NSP NSP NSP NSP SP NSP NSP NSP NSP NSP NSP NSP NSP NSP
பொதுவான அமைப்பு,பொது + வான அமைப்பு, NSP NSP NSP NSP NSP SP NSP NSP NSP NSP NSP NSP NSP NSP NSP NSP NSP NSP
உரிமை,உ + ரிமை, NSP NSP SP NSP NSP NSP NSP NSP
கோப்புகளின் இடைநிலை,கோப்புகள் + இடைநிலை, NSP NSP NSP NSP NSP NSP NSP NSP NSP NSP SP NSP NSP NSP NSP NSP NSP NSP NSP
சூழல் மாற்றம்,சூழல் + மாற்றம், NSP NSP NSP NSP NSP NSP SP NSP NSP NSP NSP NSP NSP NSP NSP
பாராட்டிகள்,பாரா + டிகள், NSP NSP NSP NSP NSP SP NSP NSP NSP NSP NSP NSP
அம்சங்கள்,அம்ச + ங்கள், NSP NSP NSP NSP NSP SP NSP NSP NSP NSP NSP NSP
பங்களிப்பில்,பங் + கழிப்பில், NSP NSP NSP NSP SP NSP NSP NSP NSP NSP NSP NSP NSP NSP NSP
பிரசாதம்,பிரசா + தம், NSP NSP NSP NSP NSP NSP SP NSP NSP NSP NSP
உதவி குறிப்பு,உதவி + குறிப்பு, NSP NSP NSP NSP NSP SP NSP NSP NSP NSP NSP NSP NSP NSP NSP
நிகழ்ச்சி அளவு,நிகழ்ச்சி + அளவு, NSP NSP NSP NSP NSP NSP NSP NSP NSP NSP SP NSP NSP NSP NSP NSP
உயர்ந்திருக்கும்,உயர்ந்த + இருக்கும், NSP NSP NSP NSP NSP NSP NSP NSP SP NSP NSP NSP NSP NSP NSP NSP NSP NSP NSP
படிகருதி,படி + கருதி, NSP NSP NSP NSP SP NSP NSP NSP NSP NSP NSP
விற்பனை நிலை,விற்பனை + நிலை, NSP NSP NSP NSP NSP NSP NSP NSP SP NSP NSP NSP NSP NSP
சுயவிவரம்,சுய + விவரம், NSP NSP NSP NSP SP NSP NSP NSP NSP NSP NSP NSP
குழப்பம்,குழ + பம், NSP NSP NSP NSP SP NSP NSP NSP NSP
நிலைமை,நிலை + மை, NSP NSP NSP NSP NSP SP NSP NSP NSP
கிறிஸ்துவினர்,கிறி + ஸ்துவினர், NSP NSP NSP NSP NSP SP NSP NSP NSP NSP NSP NSP NSP NSP NSP NSP
வியாபாரம்,வியா + பாரம், NSP NSP NSP NSP NSP SP NSP NSP NSP NSP NSP NSP
சந்திப்பு நிலை,சந்திப்பு + நிலை, NSP NSP NSP NSP NSP NSP NSP NSP NSP NSP SP NSP NSP NSP NSP NSP
நல்லிணக்கம்,நல்லி + ணக்கம், NSP NSP NSP NSP NSP NSP SP NSP NSP NSP NSP NSP NSP NSP
அற்புதமான,அற்பு + தமான, NSP NSP NSP NSP NSP NSP SP NSP NSP NSP NSP NSP
இன்சூழல்,இன + சூழல், NSP NSP NSP SP NSP NSP NSP NSP NSP NSP
பரிட்சை நிலை,பரிட்சை + நிலை, NSP NSP NSP NSP NSP NSP NSP NSP SP NSP NSP NSP NSP NSP
அறிந்தல்,அறி + தல், NSP NSP NSP NSP SP NSP NSP NSP NSP
பொதுவுடைமை,பொதுவு + உடைமை, NSP NSP NSP NSP NSP NSP NSP SP NSP NSP NSP NSP NSP NSP
பொதுவான கேள்வி,பொதுவா +ன கேள்வி, NSP NSP NSP NSP NSP NSP NSP SP NSP NSP NSP NSP NSP NSP NSP NSP
அறிவுப்படுத்துதல்,அறிவு + புடுத்துதல், NSP NSP NSP NSP NSP NSP SP NSP NSP NSP NSP NSP NSP NSP NSP NSP NSP NSP NSP
மாறுதல் நடைமுறை,மாறுதல் + நடைமுறை, NSP NSP NSP NSP NSP NSP NSP NSP SP NSP NSP NSP NSP NSP NSP NSP NSP
உருக்கமான,உ + ருக்கமான, NSP NSP SP NSP NSP NSP NSP NSP NSP NSP NSP NSP
மகிழ்ச்சி,மகி + ழ்ச்சி, NSP NSP NSP NSP SP NSP NSP NSP NSP NSP NSP NSP
மதிப்பீடுகள்,மதிப் + பீடுகள், NSP NSP NSP NSP NSP NSP SP NSP NSP NSP NSP NSP NSP NSP NSP
எளிதாக்குதல்,எளி + தாக்குதல், NSP NSP NSP NSP SP NSP NSP NSP NSP NSP NSP NSP NSP NSP NSP
பிரதியம்சம்,பிரதி + யம்சம், NSP NSP NSP NSP NSP NSP SP NSP NSP NSP NSP NSP NSP NSP
நிகரான வரிசை,நிகர் + ஆன் வரிசை, NSP NSP NSP NSP NSP NSP SP NSP NSP NSP NSP NSP NSP NSP NSP NSP NSP
காணொளிப் பதிவு,காணொளி +ப் பதிவு, NSP NSP NSP NSP NSP NSP NSP SP NSP NSP NSP NSP NSP NSP NSP NSP
உயர்தரமான,உயர்த + ரமான, NSP NSP NSP NSP NSP NSP SP NSP NSP NSP NSP NSP
முத்தம்,முத் + தம், NSP NSP NSP NSP NSP SP NSP NSP NSP NSP
அதிக வழிமுறை,அதிக + வழிமுறை, NSP NSP NSP NSP NSP SP NSP NSP NSP NSP NSP NSP NSP NSP
உதயரக்ஷகர்,உதய + ரக்ஷகர், NSP NSP NSP NSP SP NSP NSP NSP NSP NSP NSP NSP NSP
எண்ணிய விசாரணை,எண்ணி + ய விசாரணை, NSP NSP NSP NSP NSP NSP SP NSP NSP NSP NSP NSP NSP NSP NSP NSP NSP
சர்வதேச பரிசு,சர்வ + தேச பரிசு, NSP NSP NSP NSP NSP SP NSP NSP NSP NSP NSP NSP NSP NSP NSP NSP
பராமரிப்பு உருப்படிகள்,பரா + மரிப்பு உருப்படிகள், NSP NSP NSP NSP SP NSP NSP NSP NSP NSP NSP NSP NSP NSP NSP NSP NSP NSP NSP NSP NSP NSP NSP NSP NSP
மாதிமுறை,மாதி + முறை, NSP NSP NSP NSP NSP SP NSP NSP NSP NSP NSP
உயர் பிராந்தியம்,உயர் + பிராந்தியம், NSP NSP NSP NSP NSP SP NSP NSP NSP NSP NSP NSP NSP NSP NSP NSP NSP NSP
ஓய்வு பெற்ற,ஓய்வு + பெற்ற, NSP NSP NSP NSP NSP NSP SP NSP NSP NSP NSP NSP NSP
முன்கூட்டிய விமர்சனம்,முன் + கூட்டு விமர்சனம், NSP NSP NSP NSP NSP SP NSP NSP NSP NSP NSP NSP NSP NSP NSP NSP NSP NSP NSP NSP NSP NSP NSP
பிரமாண்ட பொருள்,பிரமா + ண்ட பொருள், NSP NSP NSP NSP NSP NSP SP NSP NSP NSP NSP NSP NSP NSP NSP NSP NSP NSP
பின்வாங்குதல்,பின் + வாங்குதல், NSP NSP NSP NSP NSP SP NSP NSP NSP NSP NSP NSP NSP NSP NSP NSP
பரிசோதனைகள்,பரிசோ + தனைகள், NSP NSP NSP NSP NSP NSP SP NSP NSP NSP NSP NSP NSP NSP
அந்தரங்க பணிகள்,அந்த + ரங்க பணிகள், NSP NSP NSP NSP NSP SP NSP NSP NSP NSP NSP NSP NSP NSP NSP NSP NSP NSP
அர்ப்பணித்த கருத்துக்கள்,அர்ப்பணி + தித் கருத்துக்கள், NSP NSP NSP NSP NSP NSP NSP NSP NSP SP NSP NSP NSP NSP NSP NSP NSP NSP NSP NSP NSP NSP NSP NSP NSP NSP NSP NSP
பற்பொருள்,பல் + பொருள், NSP NSP NSP NSP SP NSP NSP NSP NSP NSP NSP NSP
சில்ப்பொதி,சில + பொதி, NSP NSP NSP NSP SP NSP NSP NSP NSP NSP
தலைகுடம்,தலை + குடம், NSP NSP NSP NSP SP NSP NSP NSP NSP NSP NSP
முதற்பக்கம்,முதல் + பக்கம், NSP NSP NSP NSP NSP NSP SP NSP NSP NSP NSP NSP NSP NSP
கண்ண்மருந்து,கண் + மருந்து, NSP NSP NSP NSP SP NSP NSP NSP NSP NSP NSP NSP NSP
உருவண்டி,உரு + வண்டி, NSP NSP NSP NSP SP NSP NSP NSP NSP NSP NSP
வந்தஅரிசி,வந்த + அரிசி, NSP NSP NSP NSP NSP SP NSP NSP NSP NSP NSP NSP
பாருக்கடல்,பாரு + கடல், NSP NSP NSP NSP NSP SP NSP NSP NSP NSP NSP
சொல்மேடை,சொல் + மேடை, NSP NSP NSP NSP NSP SP NSP NSP NSP NSP NSP
சீர்வாக்கு,சீர் + வாக்கு, NSP NSP NSP NSP NSP SP NSP NSP NSP NSP NSP NSP NSP
நான்விளக்கம்,நான் + விளக்கம், NSP NSP NSP NSP NSP SP NSP NSP NSP NSP NSP NSP NSP NSP NSP
அவரு,அவர் + உண்டு, NSP NSP NSP NSP NSP SP NSP NSP NSP NSP NSP NSP
படஅமைப்பு,படம் + அமைப்பு, NSP NSP NSP NSP NSP SP NSP NSP NSP NSP NSP NSP NSP NSP
புல்பூ,புல் + பூ, NSP NSP NSP NSP NSP SP NSP NSP NSP
கல்லினம்,கல் + நிலம், NSP NSP NSP NSP SP NSP NSP NSP NSP NSP NSP
மணிகாட்சி,மணி + காட்சி, NSP NSP NSP NSP SP NSP NSP NSP NSP NSP NSP NSP
கடல்வளம்,கடல் + துறை, NSP NSP NSP NSP NSP SP NSP NSP NSP NSP NSP
பசியடை,பசி + அடை, NSP NSP NSP NSP SP NSP NSP NSP NSP
அவளோடு,அவள் + ஓடு, NSP NSP NSP NSP NSP SP NSP NSP NSP NSP
பறவைவிழிப்பு,பறவை + விழிப்பு, NSP NSP NSP NSP NSP SP NSP NSP NSP NSP NSP NSP NSP NSP NSP
சிறுபக்கம்,சிறு + பக்கம், NSP NSP NSP NSP NSP SP NSP NSP NSP NSP NSP NSP NSP
தாளெழுத்து,தாள் + எழுத்து, NSP NSP NSP NSP NSP SP NSP NSP NSP NSP NSP NSP NSP NSP
நகர்சாலை,நகர் + சாலை, NSP NSP NSP NSP NSP SP NSP NSP NSP NSP NSP
பொறியாறு,பொறி + ஆறு, NSP NSP NSP NSP NSP SP NSP NSP NSP NSP
வசதிபொருள்,வசதி + பொருள், NSP NSP NSP NSP NSP SP NSP NSP NSP NSP NSP NSP NSP
சுடுக்கற்றல்,சுடு + கற்றல், NSP NSP NSP NSP NSP SP NSP NSP NSP NSP NSP NSP NSP
உதவிகொடுப்பு,உதவி + கொடுப்பு, NSP NSP NSP NSP NSP SP NSP NSP NSP NSP NSP NSP NSP NSP NSP
நிதான்குணம்,நிதான + குணம், NSP NSP NSP NSP NSP NSP SP NSP NSP NSP NSP NSP NSP
கள்பிடி,கள் + பிடி, NSP NSP NSP NSP SP NSP NSP NSP NSP NSP
வாகனபாதை,வாகன + பாதை, NSP NSP NSP NSP NSP SP NSP NSP NSP NSP NSP
கோபவாய்ப்பு,கோபம் + வாய்ப்பு, NSP NSP NSP NSP NSP NSP SP NSP NSP NSP NSP NSP NSP NSP NSP NSP
பேராசைக்கம்பி,பேராசை + கம்பி, NSP NSP NSP NSP NSP NSP NSP SP NSP NSP NSP NSP NSP NSP
விசைப்படி,விசை + படி, NSP NSP NSP NSP NSP SP NSP NSP NSP NSP
அளவுபோக்கு,அளவு + போக்கு, NSP NSP NSP NSP NSP SP NSP NSP NSP NSP NSP NSP NSP
பழம்தரவு,பழம் + தரவு, NSP NSP NSP NSP NSP SP NSP NSP NSP NSP NSP
வணிகஅலையம்,வணிக + அலையம், NSP NSP NSP NSP NSP SP NSP NSP NSP NSP NSP NSP NSP
நேரம்வழி,நேரம் + வழி, NSP NSP NSP NSP NSP NSP SP NSP NSP NSP NSP
எடையபூ,எடை + பூ, NSP NSP NSP NSP SP NSP NSP NSP
கோல்வாணி,கோல் + மணி, NSP NSP NSP NSP NSP SP NSP NSP NSP NSP
சந்திமாதிரி,சந்தி + மாதிரி, NSP NSP NSP NSP NSP NSP SP NSP NSP NSP NSP NSP NSP NSP
புல்வெளி,புல் + வெளி, NSP NSP NSP NSP NSP SP NSP NSP NSP NSP NSP
பயணபதிவு,பயணம் + பதிவு, NSP NSP NSP NSP NSP NSP SP NSP NSP NSP NSP NSP NSP
வணிகஅறிவிப்பு,வணிக + அறிவிப்பு, NSP NSP NSP NSP NSP SP NSP NSP NSP NSP NSP NSP NSP NSP NSP NSP
சூழல்நிலை,சூழல் + நிலை, NSP NSP NSP NSP NSP NSP SP NSP NSP NSP NSP NSP
அறிவியலில்,அறிவியல் + இலெ, NSP NSP NSP NSP NSP NSP NSP NSP NSP SP NSP NSP NSP NSP
சிறுவன்,சிறு + வன், NSP NSP NSP NSP NSP SP NSP NSP NSP NSP
பொதுவாழ்வு,பொது + வாழ்வு, NSP NSP NSP NSP NSP SP NSP NSP NSP NSP NSP NSP NSP
ஆன்மிகப்பணி,ஆன்மிகம் + பணி, NSP NSP NSP NSP NSP NSP NSP NSP NSP SP NSP NSP NSP NSP
காற்றுப்பாதை,காற்று + பாதை, NSP NSP NSP NSP NSP NSP NSP SP NSP NSP NSP NSP NSP
வசந்தகாலம்,வசந்தம் + காலம், NSP NSP NSP NSP NSP NSP NSP NSP SP NSP NSP NSP NSP NSP NSP
பூசணிக்காய்,பூசணி + காய், NSP NSP NSP NSP NSP NSP SP NSP NSP NSP NSP NSP
சுதந்திரம்,சு + தந்திரம், NSP NSP NSP SP NSP NSP NSP NSP NSP NSP NSP NSP NSP
வாகனவெளி,வாகனம் + வெளி, NSP NSP NSP NSP NSP NSP NSP SP NSP NSP NSP NSP NSP
அழகியமுகம்,அழகி + முகம், NSP NSP NSP NSP NSP SP NSP NSP NSP NSP NSP NSP
முதன்மை,முதல் + மை, NSP NSP NSP NSP NSP NSP SP NSP NSP NSP
காலவரிசை,காலம் + வரிசை, NSP NSP NSP NSP NSP NSP SP NSP NSP NSP NSP NSP NSP
உலகமேதகு,உலகம் + எதகு, NSP NSP NSP NSP NSP NSP SP NSP NSP NSP NSP NSP
நிகழ்ச்சிதுறை,நிகழ்ச்சி + துறை, NSP NSP NSP NSP NSP NSP NSP NSP NSP NSP SP NSP NSP NSP NSP NSP
குறும்படம்,குறும்பு + படம், NSP NSP NSP NSP NSP NSP NSP NSP NSP SP NSP NSP NSP NSP NSP
இரும்புவிழி,இரும்பு + விழி, NSP NSP NSP NSP NSP NSP NSP NSP SP NSP NSP NSP NSP NSP
இறுதிச்சானல்,இறுதி + சானல், NSP NSP NSP NSP NSP NSP SP NSP NSP NSP NSP NSP NSP
பரிபாடி,பரி + பாடி, NSP NSP NSP NSP SP NSP NSP NSP NSP NSP
பொன்னிகுடி,பொன் + குடி, NSP NSP NSP NSP NSP SP NSP NSP NSP NSP NSP
நதிவிரிப்பு,நதி + விரிப்பு, NSP NSP NSP NSP SP NSP NSP NSP NSP NSP NSP NSP NSP NSP
சூழற்பணம்,சூழல் + பணம், NSP NSP NSP NSP NSP NSP SP NSP NSP NSP NSP NSP
திருவிழா,திரு + விழா, NSP NSP NSP NSP NSP SP NSP NSP NSP NSP NSP
தொலைபேசி,தொலை + பேசி, NSP NSP NSP NSP NSP SP NSP NSP NSP NSP NSP
பொறுப்பதிகாரம்,பொறுப்பு + அதிகாரம், NSP NSP NSP NSP NSP NSP NSP NSP NSP SP NSP NSP NSP NSP NSP NSP NSP NSP NSP
விளையாட்டுப்பாடல்,விளையாட்டு + பாடல், NSP NSP NSP NSP NSP NSP NSP NSP NSP NSP NSP SP NSP NSP NSP NSP NSP NSP
சுயஉதவி,சுய + உதவி, NSP NSP NSP NSP SP NSP NSP NSP NSP NSP
பாட்டியலம்சம்,பாட்டு + அலம்சம், NSP NSP NSP NSP NSP NSP NSP SP NSP NSP NSP NSP NSP NSP NSP NSP
வாடிவழி,வாடு + வழி, NSP NSP NSP NSP NSP SP NSP NSP NSP NSP
கட்டிடம்,கட்டு + இடம், NSP NSP NSP NSP NSP NSP SP NSP NSP NSP NSP NSP
பொதுவுடமை,பொதுவி + உடமை, NSP NSP NSP NSP NSP NSP NSP SP NSP NSP NSP NSP NSP
அரிதானை,அரி + தானை, NSP NSP NSP NSP SP NSP NSP NSP NSP NSP
பிரச்சினைபொதி,பிரச்சினை + பொதி, NSP NSP NSP NSP NSP NSP NSP NSP NSP NSP SP NSP NSP NSP NSP NSP
அங்கிகரிப்பு,அங்கி + கரிப்பு, NSP NSP NSP NSP NSP NSP SP NSP NSP NSP NSP NSP NSP NSP NSP
உணவுபகுதி,உணவு + பகுதி, NSP NSP NSP NSP NSP SP NSP NSP NSP NSP NSP NSP
தளிர்முகம்,தளம் + முகம், NSP NSP NSP NSP NSP SP NSP NSP NSP NSP NSP NSP
நகர்வழி,நகரம் + வழி, NSP NSP NSP NSP NSP NSP SP NSP NSP NSP NSP
விற்பனைஅளவீடு,விற்பனை + அளவீடு, NSP NSP NSP NSP NSP NSP NSP NSP SP NSP NSP NSP NSP NSP NSP NSP
முகமுத்திரை,முகம் + முத்திரை, NSP NSP NSP NSP NSP NSP SP NSP NSP NSP NSP NSP NSP NSP NSP NSP
சூழலைப்பாடு,சூழல் + ஆய்வாட்டி, NSP NSP NSP NSP NSP NSP SP NSP NSP NSP NSP NSP NSP NSP NSP NSP NSP
சட்டப்பிரிவு,சட்டம் + பிரிவு, NSP NSP NSP NSP NSP NSP NSP SP NSP NSP NSP NSP NSP NSP NSP
காலண்டர்,காலம் + அண்டர், NSP NSP NSP NSP NSP NSP SP NSP NSP NSP NSP NSP NSP NSP
அதிகாரபூர்வம்,அதிகாரம் + பூர்வம், NSP NSP NSP NSP NSP NSP NSP NSP NSP SP NSP NSP NSP NSP NSP NSP NSP NSP
பரிசோதனை,பரிசு + ஓதனை, NSP NSP NSP NSP NSP NSP SP NSP NSP NSP NSP NSP
வணிகப்பயணம்,வணிகம் + பயணம், NSP NSP NSP NSP NSP NSP NSP SP NSP NSP NSP NSP NSP NSP
நிகழ்சிதுறை,நிகழ்ச்சி + துறை, NSP NSP NSP NSP NSP NSP NSP NSP NSP NSP SP NSP NSP NSP NSP NSP
மெய்யழிவு,மெய் + அழிவு, NSP NSP NSP NSP NSP SP NSP NSP NSP NSP NSP NSP
பண்பாட்டுத் தளம்,பாணி + பாட்டு, NSP NSP NSP NSP NSP SP NSP NSP NSP NSP NSP NSP NSP
இனப்பெருக்கம்,இன + பெருக்கம், NSP NSP NSP SP NSP NSP NSP NSP NSP NSP NSP NSP NSP NSP
உலகபாதுகாப்பு,உலகம் + பாதுகாப்பு, NSP NSP NSP NSP NSP NSP SP NSP NSP NSP NSP NSP NSP NSP NSP NSP NSP NSP
கூட்டாட்சி,கூட்டம் + ஆட்சியமைப்பை, NSP NSP NSP NSP NSP NSP NSP NSP SP NSP NSP NSP NSP NSP NSP NSP NSP NSP NSP NSP NSP NSP
பொறுஜோடி,பொறி + ஜோடி, NSP NSP NSP NSP NSP SP NSP NSP NSP NSP NSP
எளிமையாக்கம்,எளிமை + ஆக்க, NSP NSP NSP NSP NSP NSP SP NSP NSP NSP NSP NSP
விருப்பசொல்,விருப்பு + சொல், NSP NSP NSP NSP NSP NSP NSP NSP NSP SP NSP NSP NSP NSP NSP
விளக்கவழி,விளக்கம் + வழி, NSP NSP NSP NSP NSP NSP NSP NSP NSP SP NSP NSP NSP NSP
நினைவூட்டல்,நினைவு + ஊட்டல், NSP NSP NSP NSP NSP NSP NSP SP NSP NSP NSP NSP NSP NSP NSP
தொலைநோக்கு,தொலை + நோக்கு, NSP NSP NSP NSP NSP SP NSP NSP NSP NSP NSP NSP NSP
விசாரணை,விசாரல் + உண்மை, NSP NSP NSP NSP NSP NSP NSP NSP SP NSP NSP NSP NSP NSP NSP
உற்பத்தி சாதனம்,உற்பத்தி + சாதனம், NSP NSP NSP NSP NSP NSP NSP NSP NSP SP NSP NSP NSP NSP NSP NSP NSP
சிறப்புரிமை,சிறப்பு + உரிமை, NSP NSP NSP NSP NSP NSP NSP NSP SP NSP NSP NSP NSP NSP NSP
திடக்காற்று,திடு + காற்று, NSP NSP NSP NSP NSP SP NSP NSP NSP NSP NSP NSP NSP
உருவாக்கு,உருவம் + ஆக்க, NSP NSP NSP NSP NSP NSP NSP SP NSP NSP NSP NSP NSP
பொதுவிளக்கம்,பொது + விளக்கம், NSP NSP NSP NSP NSP SP NSP NSP NSP NSP NSP NSP NSP NSP NSP
சமூகஅமைப்பு,சமூகம் + அமைப்பு, NSP NSP NSP NSP NSP NSP NSP SP NSP NSP NSP NSP NSP NSP NSP NSP
பொதுவாழ்க்கை,பொதுவாழ் + கையை, NSP NSP NSP NSP NSP NSP NSP NSP NSP SP NSP NSP NSP NSP NSP
சிந்தனைமுறை,சிந்தனை + முறையை, NSP NSP NSP NSP NSP NSP NSP NSP SP NSP NSP NSP NSP NSP NSP NSP
பிரதிபாதிப்பவர்,பிரதிபடி + பவர, NSP NSP NSP NSP NSP NSP NSP NSP NSP SP NSP NSP NSP NSP
பொதுஉயர்வு,பொது + உயர்வு, NSP NSP NSP NSP NSP SP NSP NSP NSP NSP NSP NSP NSP
நீதி சம்பந்தமான,நீதிக்கு + சம்பந்தமான, NSP NSP NSP NSP NSP NSP NSP NSP NSP SP NSP NSP NSP NSP NSP NSP NSP NSP NSP NSP NSP
பரிசுத்த இயற்கை,பரிசுத்த + இயற்கை, NSP NSP NSP NSP NSP NSP NSP NSP NSP SP NSP NSP NSP NSP NSP NSP NSP
பழையகளம்,பழைய + களம், NSP NSP NSP NSP NSP SP NSP NSP NSP NSP NSP
அருங்காட்சியகம்,அருங்காட்சி + யகம், NSP NSP NSP NSP NSP NSP NSP NSP NSP NSP NSP NSP SP NSP NSP NSP NSP NSP
பிறந்தநாள்,பிறப்பு + நாள், NSP NSP NSP NSP NSP NSP NSP NSP SP NSP NSP NSP NSP NSP
அமைப்புகளுக்கான,அமைப்பு + களுக்கான, NSP NSP NSP NSP NSP NSP NSP NSP SP NSP NSP NSP NSP NSP NSP NSP NSP NSP
பரம்பரை,பரம் + பரை, NSP NSP NSP NSP NSP SP NSP NSP NSP NSP
புத்தககடை,புத்தகம் + கடை, NSP NSP NSP NSP NSP NSP NSP NSP NSP SP NSP NSP NSP NSP
விண்ணப்பம்,வின்னம் + ஆப்பம், NSP NSP NSP NSP NSP NSP NSP NSP SP NSP NSP NSP NSP NSP NSP NSP
நூலகம்,நூல் + அகம், NSP NSP NSP NSP NSP SP NSP NSP NSP NSP NSP
சிறுவர்,சிறு + வர, NSP NSP NSP NSP NSP SP NSP NSP NSP
உயிரியல்,உயிர் + இயல், NSP NSP NSP NSP NSP NSP SP NSP NSP NSP NSP NSP
பொதுமக்கள்,பொதுவாழ்க்கை + மக்கள், NSP NSP NSP NSP NSP NSP NSP NSP NSP NSP NSP NSP NSP SP NSP NSP NSP NSP NSP NSP NSP
புரிதல்,புரி + தல், NSP NSP NSP NSP NSP SP NSP NSP NSP NSP
சமயபூர்வம்,சமயம் + பூர்வம், NSP NSP NSP NSP NSP NSP SP NSP NSP NSP NSP NSP NSP NSP NSP
கட்டமைப்பு,கட்டம் + அமைப்பு, NSP NSP NSP NSP NSP NSP NSP SP NSP NSP NSP NSP NSP NSP NSP NSP
பரிமாணம்,பரிமாணம் + ஆக்கம், NSP NSP NSP NSP NSP NSP NSP NSP NSP SP NSP NSP NSP NSP NSP NSP NSP
சுரங்கம்,சுரங்கம் + ஆக்கம், NSP NSP NSP NSP NSP NSP NSP NSP NSP SP NSP NSP NSP NSP NSP NSP NSP
விளக்கக்கட்டமைப்பு,விளக்கம் + கட்டமைப்பு, NSP NSP NSP NSP NSP NSP NSP NSP NSP SP NSP NSP NSP NSP NSP NSP NSP NSP NSP NSP NSP
இசைக்கலை,இசை + கலை, NSP NSP NSP NSP SP NSP NSP NSP NSP
சமூகநெறி,சமூகம் + நெறி, NSP NSP NSP NSP NSP NSP NSP SP NSP NSP NSP NSP NSP
பரிசுப் பொருள்,பரிசு + பொருள், NSP NSP NSP NSP NSP NSP SP NSP NSP NSP NSP NSP NSP NSP
எதிர்பார்ப்பு,எதிர் + பார்ப்பு, NSP NSP NSP NSP NSP NSP SP NSP NSP NSP NSP NSP NSP NSP NSP NSP
வினைத்திறன்,வினை + திறன், NSP NSP NSP NSP NSP SP NSP NSP NSP NSP NSP NSP
பூமிசார்பு,பூமி + சார்பு, NSP NSP NSP NSP NSP SP NSP NSP NSP NSP NSP NSP NSP
பெருக்குதல்,பெரு + குடல், NSP NSP NSP NSP NSP SP NSP NSP NSP NSP NSP NSP
பங்குதாரர்,பங்கு + தரர், NSP NSP NSP NSP NSP NSP SP NSP NSP NSP NSP NSP
பூபாலம்,பூ + பாலம், NSP NSP NSP SP NSP NSP NSP NSP NSP NSP
உலகரீதியான,உலகம் + ரீதியான, NSP NSP NSP NSP NSP NSP SP NSP NSP NSP NSP NSP NSP NSP NSP
சேமிப்பு,சேம் + இப்ப, NSP NSP NSP NSP NSP SP NSP NSP NSP NSP NSP
பொது பயன்பாடு,பொது + பயன்பாடு, NSP NSP NSP NSP NSP SP NSP NSP NSP NSP NSP NSP NSP NSP NSP
ஆதாரவசதி,ஆதாரம் + வசதி, NSP NSP NSP NSP NSP NSP NSP SP NSP NSP NSP NSP NSP
வழிகாட்டி,வழி + காட்டு, NSP NSP NSP NSP SP NSP NSP NSP NSP NSP NSP NSP
உரிமையாளர்,உரிமை + அலர், NSP NSP NSP NSP NSP NSP SP NSP NSP NSP NSP NSP
சம்பந்தப்பட்ட,சம்பந்தம் + பட்ட, NSP NSP NSP NSP NSP NSP NSP NSP NSP NSP SP NSP NSP NSP NSP NSP
அரசாட்சி,அரசு + ஆட்சி, NSP NSP NSP NSP NSP SP NSP NSP NSP NSP NSP NSP
குடியமைப்பு,குடி + அமைப்பு, NSP NSP NSP NSP NSP SP NSP NSP NSP NSP NSP NSP NSP NSP
துறையூழல்,துறை + ஊழல், NSP NSP NSP NSP NSP SP NSP NSP NSP NSP NSP
அமைதிப்பேரவை,அமைதி + பேரவை, NSP NSP NSP NSP NSP NSP SP NSP NSP NSP NSP NSP NSP
நாடுநிலை,நாடு + நிலை, NSP NSP NSP NSP NSP SP NSP NSP NSP NSP NSP
அழகுமுகம்,அழகு + முகம், NSP NSP NSP NSP NSP SP NSP NSP NSP NSP NSP NSP
சுகம்முறை,சுகம் + முறை, NSP NSP NSP NSP NSP NSP SP NSP NSP NSP NSP NSP
அறிவுவேதம்,அறிவு + வேதம், NSP NSP NSP NSP NSP NSP SP NSP NSP NSP NSP NSP NSP
கடவுளறிவு,கடவுள் + அறிவு, NSP NSP NSP NSP NSP NSP NSP SP NSP NSP NSP NSP NSP NSP
அறநெறிபின்பற்றல்,அறநெறி + பின்பற்றல், NSP NSP NSP NSP NSP NSP NSP SP NSP NSP NSP NSP NSP NSP NSP NSP NSP NSP NSP
சிறப்புநிகழ்வு,சிறப்பு + நிகழ்வு, NSP NSP NSP NSP NSP NSP NSP NSP SP NSP NSP NSP NSP NSP NSP NSP NSP
அரசுக்காட்சி,அரசு + காட்சி, NSP NSP NSP NSP NSP SP NSP NSP NSP NSP NSP NSP NSP
தந்தைப்பாசம்,தந்தை + பாசம், NSP NSP NSP NSP NSP NSP SP NSP NSP NSP NSP NSP NSP
தோழருறவு,தோழர் + உறவு, NSP NSP NSP NSP NSP NSP SP NSP NSP NSP NSP NSP
அன்புபார்வை,அன்பு + பார்வை, NSP NSP NSP NSP NSP NSP SP NSP NSP NSP NSP NSP NSP NSP
வாழ்வுமுயற்சி,வாழ்வு + முயற்சி, NSP NSP NSP NSP NSP NSP NSP SP NSP NSP NSP NSP NSP NSP NSP NSP
குடும்பமொழுக்கம்,குடும்பம் + ஒழுக்கம், NSP NSP NSP NSP NSP NSP NSP NSP NSP NSP SP NSP NSP NSP NSP NSP NSP NSP NSP NSP
முன்னணிசங்கம்,முன்னணி + சங்கம், NSP NSP NSP NSP NSP NSP NSP NSP SP NSP NSP NSP NSP NSP NSP NSP
பாடம்போதனை,பாடம் + போதனை, NSP NSP NSP NSP NSP NSP SP NSP NSP NSP NSP NSP NSP
நட்புவாழ்க்கை,நட்பு + வாழ்க்கை, NSP NSP NSP NSP NSP NSP SP NSP NSP NSP NSP NSP NSP NSP NSP NSP
தாய்ப்பாசம்,தாய் + பாசம், NSP NSP NSP NSP NSP SP NSP NSP NSP NSP NSP NSP
புத்தகமதிப்பு,புத்தகம் + மதிப்பு, NSP NSP NSP NSP NSP NSP NSP NSP NSP SP NSP NSP NSP NSP NSP NSP NSP NSP
கலைவளர்ச்சி,கலை + வளர்ச்சி, NSP NSP NSP NSP SP NSP NSP NSP NSP NSP NSP NSP NSP NSP
வீடுமனைவி,வீடு + மனைவி, NSP NSP NSP NSP NSP SP NSP NSP NSP NSP NSP NSP
உறவுபெருமை,உறவு + பெருமை, NSP NSP NSP NSP NSP SP NSP NSP NSP NSP NSP NSP NSP
அமைதிநிலை,அமைதி + நிலை, NSP NSP NSP NSP NSP NSP SP NSP NSP NSP NSP NSP
அழகுபூ,அழகு + பூ, NSP NSP NSP NSP NSP SP NSP NSP NSP
பாடற்குரல்,பாடல் + குரல், NSP NSP NSP NSP NSP NSP SP NSP NSP NSP NSP NSP NSP
குடிமக்கள்,குடி + மக்கள், NSP NSP NSP NSP NSP SP NSP NSP NSP NSP NSP NSP NSP
மூன்றுபக்கம்,மூன்று + பக்கம், NSP NSP NSP NSP NSP NSP NSP SP NSP NSP NSP NSP NSP NSP NSP
வழிகாட்சி,வழி + காட்சி, NSP NSP NSP NSP SP NSP NSP NSP NSP NSP NSP NSP
வீடுப்பழக்கம்,வீடு + பழக்கம், NSP NSP NSP NSP NSP SP NSP NSP NSP NSP NSP NSP NSP NSP
சிறப்புவாழ்த்து,சிறப்பு + வாழ்த்து, NSP NSP NSP NSP NSP NSP NSP NSP SP NSP NSP NSP NSP NSP NSP NSP NSP NSP
ஆழிமண்,ஆழி + மண், NSP NSP NSP NSP SP NSP NSP NSP NSP
பசுபரி,பசு + பரி, NSP NSP NSP NSP SP NSP NSP NSP NSP
சாலோடு,சாலை + ஓடு, NSP NSP NSP NSP NSP SP NSP NSP NSP NSP
பிரச்சினைஏற்க,பிரச்சினை + ஏற்க, NSP NSP NSP NSP NSP NSP NSP NSP NSP NSP SP NSP NSP NSP NSP NSP
சங்கமுரை,சங்கம் + உரை, NSP NSP NSP NSP NSP NSP NSP SP NSP NSP NSP NSP
உலகுக்கோலம்,உலகு + கோலம், NSP NSP NSP NSP NSP SP NSP NSP NSP NSP NSP NSP
குரல்விடுப்பு,குரல் + விடுப்பு, NSP NSP NSP NSP NSP NSP SP NSP NSP NSP NSP NSP NSP NSP NSP NSP
வழிவழி,வழி + வழி, NSP NSP NSP NSP SP NSP NSP NSP NSP
பூங்காற்றுஏர்,பூங்காற்று + ஏர், NSP NSP NSP NSP NSP NSP NSP NSP NSP NSP NSP SP NSP NSP NSP NSP
கண்ண்செல்,கண் + செல், NSP NSP NSP NSP SP NSP NSP NSP NSP NSP
மழைப்பொய்,மழை + பொய், NSP NSP NSP NSP SP NSP NSP NSP NSP NSP
அந்தநூல்,அந்த + நூல், NSP NSP NSP NSP NSP SP NSP NSP NSP NSP NSP
உரைவர்த்தை,உரை + வார்த்தை, NSP NSP NSP NSP SP NSP NSP NSP NSP NSP NSP NSP NSP NSP
இரவுவணக்கம்,இரவு + வணக்கம், NSP NSP NSP NSP NSP SP NSP NSP NSP NSP NSP NSP NSP NSP
அலைகடல்,அலை + கடல், NSP NSP NSP NSP SP NSP NSP NSP NSP NSP
நேரம்சந்திப்பு,நேரம் + சந்திப்பு, NSP NSP NSP NSP NSP NSP SP NSP NSP NSP NSP NSP NSP NSP NSP NSP NSP
சாலரோடு,சாலை + ரோடு, NSP NSP NSP NSP NSP SP NSP NSP NSP NSP NSP
மின்பால்,மின் + பால், NSP NSP NSP NSP NSP SP NSP NSP NSP NSP NSP
விழிநகல்,விழி + நகல், NSP NSP NSP NSP NSP SP NSP NSP NSP NSP NSP
நாடூர்,நாடு + ஊர், NSP NSP NSP NSP NSP SP NSP NSP NSP NSP
சிரிப்போர்,சிரிப்பு + ஓர், NSP NSP NSP NSP NSP NSP NSP NSP NSP SP NSP NSP NSP NSP
நகரமேற்று,நகரம் + ஏற்று, NSP NSP NSP NSP NSP NSP SP NSP NSP NSP NSP NSP NSP
பொதுமுறை,பொது + முறை, NSP NSP NSP NSP NSP SP NSP NSP NSP NSP NSP
சூடுஉழை,சூடு + உழை, NSP NSP NSP NSP NSP SP NSP NSP NSP NSP
சுடுகாடுசூடு,சுடுகாடு + சூடு, NSP NSP NSP NSP NSP NSP NSP NSP NSP SP NSP NSP NSP NSP NSP
கூட்டத்தலம்,கூட்டம் + தலம், NSP NSP NSP NSP NSP NSP NSP NSP SP NSP NSP NSP NSP NSP
போக்குவழி,போக்கு + வழி, NSP NSP NSP NSP NSP NSP NSP SP NSP NSP NSP NSP
முன்புபோர்,முன்பு + போர், NSP NSP NSP NSP NSP NSP NSP SP NSP NSP NSP NSP NSP
உயிருடல்,உயிர் + உடல், NSP NSP NSP NSP NSP NSP SP NSP NSP NSP NSP NSP
சபைசெய்தி,சபை + செய்தி, NSP NSP NSP NSP SP NSP NSP NSP NSP NSP NSP NSP
அந்தரங்கக்காட்சி,அந்தரங்கம் + காட்சி, NSP NSP NSP NSP NSP NSP NSP NSP NSP NSP NSP SP NSP NSP NSP NSP NSP NSP NSP
அளவுநிலை,அளவு + நிலை, NSP NSP NSP NSP NSP SP NSP NSP NSP NSP NSP
பரிமாணக்காட்சி,பரிமாணம் + காட்சி, NSP NSP NSP NSP NSP NSP NSP NSP NSP SP NSP NSP NSP NSP NSP NSP NSP
அரசுமுறை,அரசு + முறை, NSP NSP NSP NSP NSP SP NSP NSP NSP NSP NSP
உண்டியலுரை,உண்டியல் + உரை, NSP NSP NSP NSP NSP NSP NSP NSP NSP SP NSP NSP NSP NSP
பணம்காசு,பணம் + காசு, NSP NSP NSP NSP NSP SP NSP NSP NSP NSP NSP
சபையல்நிலை,சபையல் + நிலை, NSP NSP NSP NSP NSP NSP NSP SP NSP NSP NSP NSP NSP
முதலாளர்ஆர்,முதலாளர் + ஆர், NSP NSP NSP NSP NSP NSP NSP NSP NSP SP NSP NSP NSP NSP
நகரஎண்,நகரம் + எண், NSP NSP NSP NSP NSP NSP SP NSP NSP NSP NSP
பாட்டுவெளி,பாட்டு + வெளி, NSP NSP NSP NSP NSP NSP NSP SP NSP NSP NSP NSP NSP
மணம்பரிசு,மணம் + பரிசு, NSP NSP NSP NSP NSP SP NSP NSP NSP NSP NSP NSP
ஆராய்ச்சிப்பணம்,ஆராய்ச்சி + பணம், NSP NSP NSP NSP NSP NSP NSP NSP NSP NSP SP NSP NSP NSP NSP NSP
சூழல்வகை,சூழல் + வகை, NSP NSP NSP NSP NSP NSP SP NSP NSP NSP NSP
அறிவியல்தொழில்,அறிவியல் + தொழில், NSP NSP NSP NSP NSP NSP NSP NSP NSP SP NSP NSP NSP NSP NSP NSP NSP
பிரதமர்படி,பிரதமர் + படி, NSP NSP NSP NSP NSP NSP NSP NSP SP NSP NSP NSP NSP
முகாம்பேட்டி,முகாம் + பேட்டி, NSP NSP NSP NSP NSP NSP NSP SP NSP NSP NSP NSP NSP NSP NSP
பாலூட்டல்கவனம்,பாலூட்டல் + கவனம், NSP NSP NSP NSP NSP NSP NSP NSP NSP NSP SP NSP NSP NSP NSP NSP NSP
இளைஞர்அரங்கம்,இளைஞர் + அரங்கம், NSP NSP NSP NSP NSP NSP NSP SP NSP NSP NSP NSP NSP NSP NSP NSP
துறபோர்,துறை + போர், NSP NSP NSP NSP NSP SP NSP NSP NSP NSP NSP
சோதனைஉடல்,சோதனை + உடல், NSP NSP NSP NSP NSP NSP SP NSP NSP NSP NSP NSP
பதவிவிருது,பதவி + விருது, NSP NSP NSP NSP NSP SP NSP NSP NSP NSP NSP NSP NSP
உதவிபணம்,உதவி + பணம், NSP NSP NSP NSP NSP SP NSP NSP NSP NSP NSP
அழகியபுகழ்,அழகிய + புகழ், NSP NSP NSP NSP NSP NSP SP NSP NSP NSP NSP NSP NSP
அணிகலன்பிரிவு,அணிகலன் + பிரிவு, NSP NSP NSP NSP NSP NSP NSP NSP SP NSP NSP NSP NSP NSP NSP NSP
பயணம்சுகம்,பயணம் + சுகம், NSP NSP NSP NSP NSP NSP SP NSP NSP NSP NSP NSP NSP
முதல்விலை,முதல் + விலை, NSP NSP NSP NSP NSP NSP SP NSP NSP NSP NSP NSP
நகரம்பேட்டி,நகரம் + பேட்டி, NSP NSP NSP NSP NSP NSP SP NSP NSP NSP NSP NSP NSP NSP
ஆதாரம்பகை,ஆதாரம் + வகை, NSP NSP NSP NSP NSP NSP NSP SP NSP NSP NSP NSP
தூரிகைசாலை,தூரிகை + சாலை, NSP NSP NSP NSP NSP NSP NSP SP NSP NSP NSP NSP NSP
சிறுவன்பாடல்,சிறுவன் + பாடல், NSP NSP NSP NSP NSP NSP NSP NSP SP NSP NSP NSP NSP NSP NSP
பொதுஅம்சம்,பொது + அம்சம், NSP NSP NSP NSP NSP SP NSP NSP NSP NSP NSP NSP NSP
சுதந்திரம்சின்னம்,சுதந்திரம் + சின்னம், NSP NSP NSP NSP NSP NSP NSP NSP NSP NSP NSP SP NSP NSP NSP NSP NSP NSP NSP NSP
சிக்கல்விடு,சிக்கல் + விடு, NSP NSP NSP NSP NSP NSP NSP NSP SP NSP NSP NSP NSP NSP
ஆய்வுமுறை,ஆய்வு + முறை, NSP NSP NSP NSP NSP NSP SP NSP NSP NSP NSP NSP
அழுக்குநீக்கம்,அழுக்கு + நீக்கம், NSP NSP NSP NSP NSP NSP NSP NSP SP NSP NSP NSP NSP NSP NSP NSP NSP
முன்னணிநாடு,முன்னணி + நாடு, NSP NSP NSP NSP NSP NSP NSP NSP SP NSP NSP NSP NSP NSP
பக்கம்கருப்பு,பக்கம் + கருப்பு, NSP NSP NSP NSP NSP NSP NSP SP NSP NSP NSP NSP NSP NSP NSP NSP
பழம்சுவை,பழம் + சுவை, NSP NSP NSP NSP NSP SP NSP NSP NSP NSP NSP
அளவுவிகிதம்,அளவு + விகிதம், NSP NSP NSP NSP NSP SP NSP NSP NSP NSP NSP NSP NSP NSP
தரப்புநிலை,தரப்பு + நிலை, NSP NSP NSP NSP NSP NSP NSP SP NSP NSP NSP NSP NSP
எடுப்பில்கொஞ்சம்,எடுப்பில் + கொஞ்சம், NSP NSP NSP NSP NSP NSP NSP NSP NSP NSP SP NSP NSP NSP NSP NSP NSP NSP NSP
துரிதம்திரும்பு,துரிதம் + மாற்றம், NSP NSP NSP NSP NSP NSP NSP NSP SP NSP NSP NSP NSP NSP NSP NSP NSP
அசல்பொருள்,அசல் + பொருள், NSP NSP NSP NSP NSP SP NSP NSP NSP NSP NSP NSP NSP
உயிர்நிலை,உயிர் + நிலை, NSP NSP NSP NSP NSP NSP SP NSP NSP NSP NSP NSP
பரிசுக்காப்பாற்று,பரிசு + காப்பாற்று, NSP NSP NSP NSP NSP NSP SP NSP NSP NSP NSP NSP NSP NSP NSP NSP NSP NSP
பிறப்புசிதைவு,பிறப்பு + சிதைவு, NSP NSP NSP NSP NSP NSP NSP NSP SP NSP NSP NSP NSP NSP NSP NSP
காரிகைவிகிதம்,காரிகை + விகிதம், NSP NSP NSP NSP NSP NSP NSP SP NSP NSP NSP NSP NSP NSP NSP NSP
ஆய்வுநாடகம்,ஆய்வு + நாடகம், NSP NSP NSP NSP NSP NSP SP NSP NSP NSP NSP NSP NSP NSP
வாதம்செய்தி,வாதம் + செய்தி, NSP NSP NSP NSP NSP NSP SP NSP NSP NSP NSP NSP NSP NSP
தந்தையாலோசனை,தந்தை + ஆலோசனை, NSP NSP NSP NSP NSP NSP SP NSP NSP NSP NSP NSP NSP NSP
பரிசுப்பரிசு,பரிசு + பரிசு, NSP NSP NSP NSP NSP NSP SP NSP NSP NSP NSP NSP NSP
பெரியவிழா,பெரிய + விழா, NSP NSP NSP NSP NSP NSP SP NSP NSP NSP NSP NSP
மூலம்நிலை,மூலம் + நிலை, NSP NSP NSP NSP NSP NSP SP NSP NSP NSP NSP NSP
சிறுவன்பரிசு,சிறுவன் + பரிசு, NSP NSP NSP NSP NSP NSP NSP NSP SP NSP NSP NSP NSP NSP NSP
உருவாக்கம்முறை,உருவாக்கம் + நெறி, NSP NSP NSP NSP NSP NSP NSP NSP NSP NSP NSP SP NSP NSP NSP NSP NSP
மிகவும் உண்டானது,மிகவும் + உண்டானது, NSP NSP NSP NSP NSP NSP NSP NSP SP NSP NSP NSP NSP NSP NSP NSP NSP NSP
அஞ்சல்மூலம்,அஞ்சல் + மூலம், NSP NSP NSP NSP NSP NSP NSP SP NSP NSP NSP NSP NSP NSP
துறவுக்கையேடு,துறவு + கையேடு, NSP NSP NSP NSP NSP NSP SP NSP NSP NSP NSP NSP NSP NSP
அறையோரம்,அறை + ஓரம், NSP NSP NSP NSP SP NSP NSP NSP NSP NSP
சுகாதாரம்பரிசு,சுகாதாரம் + பரிசு, NSP NSP NSP NSP NSP NSP NSP NSP NSP NSP SP NSP NSP NSP NSP NSP NSP
பொதுவாக தொடர்,பொதுவாக + தொடர், NSP NSP NSP NSP NSP NSP NSP NSP SP NSP NSP NSP NSP NSP NSP
இனிமைபாராட்டல்,இனிமை + பாராட்டல், NSP NSP NSP NSP NSP NSP SP NSP NSP NSP NSP NSP NSP NSP NSP NSP NSP
நியாயம்நிலை,நியாயம் + நிலை, NSP NSP NSP NSP NSP NSP NSP NSP SP NSP NSP NSP NSP NSP
அறிவுமுறைகள்,அறிவு + முறைகள், NSP NSP NSP NSP NSP NSP SP NSP NSP NSP NSP NSP NSP NSP NSP
முகாம்புபகுதி,முகாம்பு + பகுதி, NSP NSP NSP NSP NSP NSP NSP NSP NSP SP NSP NSP NSP NSP NSP NSP
படிமம்பெற்று,படிமம் + பெற்று, NSP NSP NSP NSP NSP NSP NSP SP NSP NSP NSP NSP NSP NSP NSP
செய்திகருவி,செய்தி + கருவி, NSP NSP NSP NSP NSP NSP NSP SP NSP NSP NSP NSP NSP NSP
அசோகவார்த்தை,அசோகம் + வார்த்தை, NSP NSP NSP NSP NSP NSP NSP SP NSP NSP NSP NSP NSP NSP NSP NSP NSP
பண்டிகைநேரம்,பண்டிகை + நேரம், NSP NSP NSP NSP NSP NSP NSP NSP SP NSP NSP NSP NSP NSP NSP
சவால்பொறுப்பு,சவால் + பொறுப்பு, NSP NSP NSP NSP NSP NSP SP NSP NSP NSP NSP NSP NSP NSP NSP NSP
பட்டியல்தகவல்,பட்டியல் + தகவல், NSP NSP NSP NSP NSP NSP NSP NSP NSP SP NSP NSP NSP NSP NSP NSP
கட்டுப்பாடுவிகிதம்,கட்டுப்பாடு + விகிதம், NSP NSP NSP NSP NSP NSP NSP NSP NSP NSP NSP NSP SP NSP NSP NSP NSP NSP NSP NSP NSP
கல்விபடிப்பு,கல்வி + படிப்பு, NSP NSP NSP NSP NSP NSP SP NSP NSP NSP NSP NSP NSP NSP NSP
பயணமாராய்ச்சி,பயணம் + ஆராய்ச்சி, NSP NSP NSP NSP NSP NSP SP NSP NSP NSP NSP NSP NSP NSP NSP NSP NSP
முதன்மைநிரல்,முதன்மை + நிரல், NSP NSP NSP NSP NSP NSP NSP NSP SP NSP NSP NSP NSP NSP NSP
பயனுள்ளசெயல்,பயனுள்ள + செயல், NSP NSP NSP NSP NSP NSP NSP NSP SP NSP NSP NSP NSP NSP NSP
பேராசிரியர்கருத்து,பேராசிரியர் + கருத்து, NSP NSP NSP NSP NSP NSP NSP NSP NSP NSP NSP NSP SP NSP NSP NSP NSP NSP NSP NSP NSP
சிறந்தசிகிச்சை,சிறந்த + சிகிச்சை, NSP NSP NSP NSP NSP NSP NSP SP NSP NSP NSP NSP NSP NSP NSP NSP NSP
வணிகவழிகாட்டி,வணிகம் + வழிகாட்டி, NSP NSP NSP NSP NSP NSP NSP SP NSP NSP NSP NSP NSP NSP NSP NSP NSP NSP
சந்தாபொருள்,சந்தா + பொருள், NSP NSP NSP NSP NSP NSP SP NSP NSP NSP NSP NSP NSP NSP
சுற்றுவணுகல்,சுற்று + அணுகல், NSP NSP NSP NSP NSP NSP NSP SP NSP NSP NSP NSP NSP NSP NSP
சூழல்செயல்திறன்,சூழல் + செயல்திறன், NSP NSP NSP NSP NSP NSP SP NSP NSP NSP NSP NSP NSP NSP NSP NSP NSP NSP
நிகழ்ச்சிஉருவாக்கம்,நிகழ்ச்சி + ஊடகம், NSP NSP NSP NSP NSP NSP NSP NSP NSP NSP SP NSP NSP NSP NSP NSP NSP
உண்மைப்பத்தி,உண்மை + பத்தி, NSP NSP NSP NSP NSP NSP SP NSP NSP NSP NSP NSP NSP
ஊக்கம்பரிசு,ஊக்கம் + பரிசு, NSP NSP NSP NSP NSP NSP NSP SP NSP NSP NSP NSP NSP NSP
வினாபதில்,வினா + பதில், NSP NSP NSP NSP NSP SP NSP NSP NSP NSP NSP NSP
உருவாக்கம்சார்பு,உருவாக்கம் + சார்பு, NSP NSP NSP NSP NSP NSP NSP NSP NSP NSP NSP SP NSP NSP NSP NSP NSP NSP NSP
விளக்கமுயற்சி,விளக்கம் + முயற்சி, NSP NSP NSP NSP NSP NSP NSP NSP NSP SP NSP NSP NSP NSP NSP NSP NSP NSP
நிலைகுறிப்புகள்,நிலை + குறிப்புகள், NSP NSP NSP NSP NSP SP NSP NSP NSP NSP NSP NSP NSP NSP NSP NSP NSP NSP
அடுத்தநாளை,அடுத்த + நாளை, NSP NSP NSP NSP NSP NSP NSP SP NSP NSP NSP NSP NSP
அமைப்புட்பொருள்,அமைப்பு + உட்பொருள், NSP NSP NSP NSP NSP NSP NSP NSP SP NSP NSP NSP NSP NSP NSP NSP NSP NSP NSP
தொலைபேசிஇணைப்பு,தொலைபேசி + இணைப்பு, NSP NSP NSP NSP NSP NSP NSP NSP NSP SP NSP NSP NSP NSP NSP NSP NSP NSP
புதியதீர்வு,புதிய + தீர்வு, NSP NSP NSP NSP NSP NSP SP NSP NSP NSP NSP NSP NSP NSP
பாலிடிமுறைகள்,பாலிடி + முறைகள், NSP NSP NSP NSP NSP NSP NSP SP NSP NSP NSP NSP NSP NSP NSP NSP
பின்வாங்குதல்வழி,பின்வாங்குதல் + வழி, NSP NSP NSP NSP NSP NSP NSP NSP NSP NSP NSP NSP NSP NSP SP NSP NSP NSP NSP
உழைப்புக்கொடுக்கை,உழைப்பு + கொடுக்கை, NSP NSP NSP NSP NSP NSP NSP NSP SP NSP NSP NSP NSP NSP NSP NSP NSP NSP
பார்வைக்கண்ணோட்டம்,பார்வை + கண்ணோட்டம், NSP NSP NSP NSP NSP NSP NSP SP NSP NSP NSP NSP NSP NSP NSP NSP NSP NSP NSP
அளவிடற்பரிசு,அளவிடல் + பரிசு, NSP NSP NSP NSP NSP NSP NSP NSP SP NSP NSP NSP NSP NSP NSP
நம்பிக்கைவிலை,நம்பிக்கை + விலை, NSP NSP NSP NSP NSP NSP NSP NSP NSP NSP SP NSP NSP NSP NSP NSP
பண்பாடுசெயல்,பண்பாடு + செயல், NSP NSP NSP NSP NSP NSP NSP NSP SP NSP NSP NSP NSP NSP NSP
சூழல்மாற்றம்,சூழல் + மாற்றம், NSP NSP NSP NSP NSP NSP SP NSP NSP NSP NSP NSP NSP NSP NSP
திறன்பயிற்சி,திறன் + பயிற்சி, NSP NSP NSP NSP NSP NSP SP NSP NSP NSP NSP NSP NSP NSP NSP
பொதுவாக மேம்பாடு,பொதுவாக + மேம்பாடு, NSP NSP NSP NSP NSP NSP NSP NSP SP NSP NSP NSP NSP NSP NSP NSP NSP NSP
முன்னணிவளர்ச்சி,முன்னணி + வளர்ச்சி, NSP NSP NSP NSP NSP NSP NSP NSP SP NSP NSP NSP NSP NSP NSP NSP NSP NSP
அன்புக்கொடுமை,அன்பு + கொடுமை, NSP NSP NSP NSP NSP NSP SP NSP NSP NSP NSP NSP NSP NSP
சேவைகள்சிலவு,சேவைகள் + அளவு, NSP NSP NSP NSP NSP NSP NSP NSP SP NSP NSP NSP NSP NSP
பரிசுத்தம்நிலை,பரிசுத்தம் + நிலை, NSP NSP NSP NSP NSP NSP NSP NSP NSP NSP NSP SP NSP NSP NSP NSP NSP
கட்டமைப்புமேம்பாடு,கட்டமைப்பு + மேம்பாடு, NSP NSP NSP NSP NSP NSP NSP NSP NSP NSP NSP SP NSP NSP NSP NSP NSP NSP NSP NSP NSP
பொறியியல் கற்றல்,பொறியியல் + கற்றல், NSP NSP NSP NSP NSP NSP NSP NSP NSP NSP SP NSP NSP NSP NSP NSP NSP NSP
வெற்றிவார்த்தை,வெற்றி + வார்த்தை, NSP NSP NSP NSP NSP NSP NSP SP NSP NSP NSP NSP NSP NSP NSP NSP NSP
பதிவுபயன்பாடு,பதிவு + பயன்பாடு, NSP NSP NSP NSP NSP NSP SP NSP NSP NSP NSP NSP NSP NSP NSP NSP
திட்டம்செயல்பாடு,திட்டம் + செயல்பாடு, NSP NSP NSP NSP NSP NSP NSP NSP SP NSP NSP NSP NSP NSP NSP NSP NSP NSP NSP
பண்புகள்கொள்கை,பண்புக்கள் + கொள்கை, NSP NSP NSP NSP NSP NSP NSP NSP NSP NSP NSP SP NSP NSP NSP NSP NSP NSP NSP
கற்பனையனுபவம்,கற்பனை + அனுபவம், NSP NSP NSP NSP NSP NSP NSP SP NSP NSP NSP NSP NSP NSP NSP NSP
சாதனைகள்பாராட்டுகள்,சாதனை + பாராட்டுகள், NSP NSP NSP NSP NSP NSP SP NSP NSP NSP NSP NSP NSP NSP NSP NSP NSP NSP NSP
கல்விநிறுவனம்,கல்வி + நிறுவனம், NSP NSP NSP NSP NSP NSP SP NSP NSP NSP NSP NSP NSP NSP NSP NSP
உதவிசெயல்கள்,உதவி + செயல்கள், NSP NSP NSP NSP NSP SP NSP NSP NSP NSP NSP NSP NSP NSP NSP
அளவுகுறைப்பு,அளவு + குறைப்பு, NSP NSP NSP NSP NSP SP NSP NSP NSP NSP NSP NSP NSP NSP NSP
மாணவர்கள்பணி,மாணவர்கள் + பணி, NSP NSP NSP NSP NSP NSP NSP NSP NSP NSP SP NSP NSP NSP NSP
பொருளாதாரப்பொருள்கள்,பொருளாதாரம் + பொருள்கள், NSP NSP NSP NSP NSP NSP NSP NSP NSP NSP NSP NSP SP NSP NSP NSP NSP NSP NSP NSP NSP NSP NSP
விற்பனைசெயல்,விற்பனை + செயல், NSP NSP NSP NSP NSP NSP NSP NSP SP NSP NSP NSP NSP NSP NSP
செய்திகள்சரிபார்ப்பு,செய்திகள் + சரிபார்ப்பு, NSP NSP NSP NSP NSP NSP NSP NSP NSP NSP SP NSP NSP NSP NSP NSP NSP NSP NSP NSP NSP NSP NSP
அறிகுறிகள்சிகிச்சை,அறிகுறிகள் + சிகிச்சை, NSP NSP NSP NSP NSP NSP NSP NSP NSP NSP NSP SP NSP NSP NSP NSP NSP NSP NSP NSP NSP
அறிவியலாய்வு,அறிவியல் + ஆய்வு, NSP NSP NSP NSP NSP NSP NSP NSP NSP SP NSP NSP NSP NSP NSP NSP
பரிசுக்கட்டணங்கள்,பரிசு + கட்டணங்கள், NSP NSP NSP NSP NSP NSP SP NSP NSP NSP NSP NSP NSP NSP NSP NSP NSP NSP
பயிற்சித்திட்டம்,பயிற்சி + திட்டம், NSP NSP NSP NSP NSP NSP NSP NSP SP NSP NSP NSP NSP NSP NSP NSP NSP
விளக்கம்படிப்பு,விளக்கம் + படிப்பு, NSP NSP NSP NSP NSP NSP NSP NSP NSP SP NSP NSP NSP NSP NSP NSP NSP NSP
சரியானதகவல்கள்,சரியான + தகவல்கள், NSP NSP NSP NSP NSP NSP NSP SP NSP NSP NSP NSP NSP NSP NSP NSP NSP
பயனுள்ளசெயற்பாடுகள்,பயனுள்ள + செயற்பாடுகள், NSP NSP NSP NSP NSP NSP NSP NSP SP NSP NSP NSP NSP NSP NSP NSP NSP NSP NSP NSP NSP NSP
ஆசிரியர்கள்திட்டம்,ஆசிரியர்கள் + திட்டம், NSP NSP NSP NSP NSP NSP NSP NSP NSP NSP NSP NSP SP NSP NSP NSP NSP NSP NSP NSP NSP
இலக்குசெயல்,இலக்கு + செயல், NSP NSP NSP NSP NSP NSP NSP SP NSP NSP NSP NSP NSP NSP
நிர்வாகப்பணிகள்,நிர்வாகம் + பணிகள், NSP NSP NSP NSP NSP NSP NSP NSP NSP NSP SP NSP NSP NSP NSP NSP NSP NSP
புரிதல்பணி,புரிதல் + பணி, NSP NSP NSP NSP NSP NSP NSP NSP SP NSP NSP NSP NSP
கட்டிடங்கள்பயன்பாடு,கட்டிடங்கள் + பயன்பாடு, NSP NSP NSP NSP NSP NSP NSP NSP NSP NSP NSP NSP SP NSP NSP NSP NSP NSP NSP NSP NSP NSP
தளர்வுமாற்றம்,தளர்வு + மாற்றம், NSP NSP NSP NSP NSP NSP NSP SP NSP NSP NSP NSP NSP NSP NSP NSP
கல்விசெயல்பாடு,கல்வி + செயல்பாடு, NSP NSP NSP NSP NSP NSP SP NSP NSP NSP NSP NSP NSP NSP NSP NSP NSP
நீதியுரை,நீதி + உரை, NSP NSP NSP NSP NSP SP NSP NSP NSP NSP
சிறப்புபயிற்சி,சிறப்பு + பயிற்சி, NSP NSP NSP NSP NSP NSP NSP NSP SP NSP NSP NSP NSP NSP NSP NSP NSP
விளையாட்டுவீரர்கள்,விளையாட்டு + வீரர்கள், NSP NSP NSP NSP NSP NSP NSP NSP NSP NSP NSP SP NSP NSP NSP NSP NSP NSP NSP NSP NSP
ஆரோக்கியம்மேம்பாடு,ஆரோக்கியம் + மேம்பாடு, NSP NSP NSP NSP NSP NSP NSP NSP NSP NSP NSP SP NSP NSP NSP NSP NSP NSP NSP NSP NSP
சங்கர்மாதிரி,சங்கர் + மாதிரி, NSP NSP NSP NSP NSP NSP NSP SP NSP NSP NSP NSP NSP NSP NSP
முகப்புஅறிவு,முகப்பு + அறிவு, NSP NSP NSP NSP NSP NSP NSP NSP SP NSP NSP NSP NSP NSP NSP
நடவடிக்கைத்திறன்,நடவடிக்கை + திறன், NSP NSP NSP NSP NSP NSP NSP NSP NSP NSP SP NSP NSP NSP NSP NSP NSP
கைவரி,கை + வரி, NSP NSP NSP SP NSP NSP NSP NSP
விளக்கங்கள்படிமம்,விளக்கங்கள் + படிமம், NSP NSP NSP NSP NSP NSP NSP NSP NSP NSP NSP NSP SP NSP NSP NSP NSP NSP NSP NSP
நண்பர்கள்கருத்து,நண்பர்கள் + கருத்து, NSP NSP NSP NSP NSP NSP NSP NSP NSP NSP SP NSP NSP NSP NSP NSP NSP NSP NSP
சங்கஞ்சலன்,சங்கம் + அஞ்சலன், NSP NSP NSP NSP NSP NSP NSP SP NSP NSP NSP NSP NSP NSP NSP NSP
கிடைத்தற்கிழங்கு,கிடைத்தல் + கிழங்கு, NSP NSP NSP NSP NSP NSP NSP NSP NSP NSP SP NSP NSP NSP NSP NSP NSP NSP NSP
விரும்புதல்தது,விரும்புதல் + அது, NSP NSP NSP NSP NSP NSP NSP NSP NSP NSP NSP NSP SP NSP NSP NSP NSP
சொல்வதிவிரும்பு,சொல்வதை + விரும்பு, NSP NSP NSP NSP NSP NSP NSP NSP SP NSP NSP NSP NSP NSP NSP NSP NSP NSP
பரிசெடு,பரிசு + எடு, NSP NSP NSP NSP NSP NSP SP NSP NSP NSP NSP
கல்லோர,கல்லில் + ஓர், NSP NSP NSP NSP NSP NSP NSP NSP SP NSP NSP NSP NSP
காதலொரு,காதல் + ஒரு, NSP NSP NSP NSP NSP NSP SP NSP NSP NSP NSP
புதுரை,புது + உரை, NSP NSP NSP NSP NSP SP NSP NSP NSP NSP
கடைப்பக்கம்,கடை + பக்கம், NSP NSP NSP NSP SP NSP NSP NSP NSP NSP NSP NSP
அரசறிவு,அரசு + அறிவு, NSP NSP NSP NSP NSP SP NSP NSP NSP NSP NSP NSP
புதையண்,புதை + மண், NSP NSP NSP NSP NSP SP NSP NSP NSP NSP
வணக்கம்சொல்,வணக்கம் + சொல், NSP NSP NSP NSP NSP NSP NSP NSP SP NSP NSP NSP NSP NSP
பழம்பலம்,பழம் + பலம், NSP NSP NSP NSP NSP SP NSP NSP NSP NSP NSP
நாளுரை,நாள் + உரை, NSP NSP NSP NSP NSP SP NSP NSP NSP NSP
காட்சிபரிமாற்றம்,காட்சி + பரிமாற்றம், NSP NSP NSP NSP NSP NSP NSP SP NSP NSP NSP NSP NSP NSP NSP NSP NSP NSP NSP
பார்வைமூலம்,பார்வை + மூலம், NSP NSP NSP NSP NSP NSP NSP SP NSP NSP NSP NSP NSP NSP
கேள்விபதில்,கேள்வி + பதில், NSP NSP NSP NSP NSP NSP NSP SP NSP NSP NSP NSP NSP NSP
நூலொட்டகம்,நூல் + ஒட்டகம், NSP NSP NSP NSP NSP SP NSP NSP NSP NSP NSP NSP NSP NSP
குறைவுப்பரிசு,குறைவு + பரிசு, NSP NSP NSP NSP NSP NSP NSP SP NSP NSP NSP NSP NSP NSP
உதவிசெயல்,உதவி + செயல், NSP NSP NSP NSP NSP SP NSP NSP NSP NSP NSP NSP
பொதியுரை,பொதி + உரை, NSP NSP NSP NSP NSP SP NSP NSP NSP NSP
பெருக்கம்சாதனை,பெருக்கம் + சாதனை, NSP NSP NSP NSP NSP NSP NSP NSP NSP NSP SP NSP NSP NSP NSP NSP NSP
பிரதிவீடு,பிரதி + வீடு, NSP NSP NSP NSP NSP NSP SP NSP NSP NSP NSP NSP
பதிவுவழி,பதிவு + வழி, NSP NSP NSP NSP NSP NSP SP NSP NSP NSP NSP
சிலதொகுப்பு,சில + தொகுப்பு, NSP NSP NSP NSP SP NSP NSP NSP NSP NSP NSP NSP NSP NSP NSP
சர்வதேசநாள்,சர்வதேச + நாள், NSP NSP NSP NSP NSP NSP NSP NSP SP NSP NSP NSP NSP NSP
வாழ்வுடன்,வாழ்வு + உடன், NSP NSP NSP NSP NSP NSP NSP SP NSP NSP NSP NSP NSP
அதிர்ச்சியாசைவு,அதிர்ச்சி + அசைவு, NSP NSP NSP NSP NSP NSP NSP NSP NSP NSP SP NSP NSP NSP NSP NSP NSP
சாதனைகோடி,சாதனை + கோடி, NSP NSP NSP NSP NSP NSP SP NSP NSP NSP NSP NSP
சிறப்புவணிகம்,சிறப்பு + வணிகம், NSP NSP NSP NSP NSP NSP NSP NSP SP NSP NSP NSP NSP NSP NSP NSP
நகைசெல்,நகை + செல், NSP NSP NSP NSP SP NSP NSP NSP NSP NSP
பிறந்தநாள்கொண்டாடல்,பிறந்த நாள் + கொண்டாடல், NSP NSP NSP NSP NSP NSP NSP NSP NSP NSP NSP NSP SP NSP NSP NSP NSP NSP NSP NSP NSP NSP NSP
கண்அடி,கணம் + அடி, NSP NSP NSP NSP NSP SP NSP NSP NSP NSP
கேள்விபதிலிடு,கேள்வி + பதிலிடு, NSP NSP NSP NSP NSP NSP NSP SP NSP NSP NSP NSP NSP NSP NSP NSP
குரலுதவி,குரல் + உதவி, NSP NSP NSP NSP NSP NSP SP NSP NSP NSP NSP NSP
சிதைவுநுணவு,சிதைவு + உணவு, NSP NSP NSP NSP NSP NSP NSP SP NSP NSP NSP NSP NSP
பார்வைத்திரை,பார்வை + திரை, NSP NSP NSP NSP NSP NSP NSP SP NSP NSP NSP NSP NSP
காணலுள்,காணல் + உள், NSP NSP NSP NSP NSP NSP SP NSP NSP NSP NSP
தெரிவென,தெரிவு + என, NSP NSP NSP NSP NSP NSP NSP SP NSP NSP NSP
நேசமகம்,நேசம் + அகம், NSP NSP NSP NSP NSP NSP SP NSP NSP NSP NSP NSP
காலோடு,காலம் + ஓடு, NSP NSP NSP NSP NSP NSP SP NSP NSP NSP NSP
உதவிபணி,உதவி + பணி, NSP NSP NSP NSP NSP SP NSP NSP NSP NSP
படிப்பொப்புதல்,படிப்பு + ஒப்புதல், NSP NSP NSP NSP NSP NSP NSP NSP SP NSP NSP NSP NSP NSP NSP NSP NSP NSP
உதயமரு,உதய + மரு, NSP NSP NSP NSP SP NSP NSP NSP NSP
பழமகோடி,பழம் + கோடி, NSP NSP NSP NSP NSP SP NSP NSP NSP NSP NSP
வயிறுரை,வயிறு + உரை, NSP NSP NSP NSP NSP NSP SP NSP NSP NSP NSP
சாத்தியிரு,சாத்தியம் + இரு, NSP NSP NSP NSP NSP NSP NSP NSP NSP NSP SP NSP NSP NSP NSP
உறுதிசெயல்,உறுதி + செயல், NSP NSP NSP NSP NSP NSP SP NSP NSP NSP NSP NSP NSP
தகவுஉட்டம்,தகவு + ஊட்டம், NSP NSP NSP NSP NSP SP NSP NSP NSP NSP NSP NSP NSP
பதிவுஎண்ணிக்கை,பதிவு + எண்ணிக்கை, NSP NSP NSP NSP NSP NSP SP NSP NSP NSP NSP NSP NSP NSP NSP NSP NSP
தற்கால்கணக்கு,தற்கால + கணக்கு, NSP NSP NSP NSP NSP NSP NSP SP NSP NSP NSP NSP NSP NSP NSP
மதிப்புமுறை,மதிப்பு + முறை, NSP NSP NSP NSP NSP NSP NSP NSP SP NSP NSP NSP NSP NSP
பூமிபக்கம்,பூமி + பக்கம், NSP NSP NSP NSP NSP SP NSP NSP NSP NSP NSP NSP NSP
சந்திப்புநேரம்,சந்திப்பு + நேரம், NSP NSP NSP NSP NSP NSP NSP NSP NSP NSP SP NSP NSP NSP NSP NSP NSP
நாட்காட்டிப்பெட்டி,நாட்காட்டி + பெட்டி, NSP NSP NSP NSP NSP NSP NSP NSP NSP NSP NSP SP NSP NSP NSP NSP NSP NSP NSP
நகர்முன்னணி,நகர் + முன்னணி, NSP NSP NSP NSP NSP SP NSP NSP NSP NSP NSP NSP NSP NSP
சுற்றுவழி,சுற்று + வழி, NSP NSP NSP NSP NSP NSP NSP SP NSP NSP NSP NSP
போக்குநேரம்,போக்கு + நேரம், NSP NSP NSP NSP NSP NSP NSP SP NSP NSP NSP NSP NSP NSP
படைஇனம்,படை + இனம், NSP NSP NSP NSP SP NSP NSP NSP NSP NSP
சிவப்புசிவப்பு,சிவப்பு + சிவப்பு, NSP NSP NSP NSP NSP NSP NSP NSP SP NSP NSP NSP NSP NSP NSP NSP NSP
அதிகாரமுரை,அதிகாரம் + உரை, NSP NSP NSP NSP NSP NSP NSP NSP NSP SP NSP NSP NSP NSP
அமர்வுசெயல்,அமர்வு + செயல், NSP NSP NSP NSP NSP NSP NSP SP NSP NSP NSP NSP NSP NSP
கம்பம் கட்டுதல்,கம்பம் + கட்டுதல், NSP NSP NSP NSP NSP NSP NSP SP NSP NSP NSP NSP NSP NSP NSP NSP NSP
முனைஅழிவு,முனை + அழிவு, NSP NSP NSP NSP NSP SP NSP NSP NSP NSP NSP NSP
ஆணைதுணி,ஆணை + துணி, NSP NSP NSP NSP SP NSP NSP NSP NSP NSP
அடித்தோற்றம்,அடி + தோற்றம், NSP NSP NSP NSP SP NSP NSP NSP NSP NSP NSP NSP NSP
கனவுமுன்னணி,கனவு + முன்னணி, NSP NSP NSP NSP NSP SP NSP NSP NSP NSP NSP NSP NSP NSP
பிரிவுஉத்தரவாதம்,பிரிவு + உத்தரவாதம், NSP NSP NSP NSP NSP NSP NSP SP NSP NSP NSP NSP NSP NSP NSP NSP NSP NSP NSP
காட்சிதளத்தில்,காட்சி + தளத்தில், NSP NSP NSP NSP NSP NSP NSP SP NSP NSP NSP NSP NSP NSP NSP NSP NSP
வலைதொடை,வலை + தொடை, NSP NSP NSP NSP SP NSP NSP NSP NSP NSP
நிறையாடை,நிறை + ஆடை, NSP NSP NSP NSP NSP SP NSP NSP NSP NSP
வசதியளவு,வசதி + அளவு, NSP NSP NSP NSP NSP SP NSP NSP NSP NSP NSP
மொழியறிவு,மொழி + அறிவு, NSP NSP NSP NSP NSP SP NSP NSP NSP NSP NSP NSP
தலைகடிகாரம்,தலை + கடிகாரம், NSP NSP NSP NSP SP NSP NSP NSP NSP NSP NSP NSP NSP NSP
காட்சியூர்வு,காட்சி + ஊர்வு, NSP NSP NSP NSP NSP NSP NSP SP NSP NSP NSP NSP NSP NSP
உழைசோறு,உழை + சோறு, NSP NSP NSP NSP SP NSP NSP NSP NSP NSP
நகரவீதி,நகரம் + வீதி, NSP NSP NSP NSP NSP NSP SP NSP NSP NSP NSP NSP
சங்கதொண்டு,சங்கம் + தொண்டு, NSP NSP NSP NSP NSP NSP NSP SP NSP NSP NSP NSP NSP NSP NSP
ஆளுபங்கு,ஆளு + பங்கு, NSP NSP NSP NSP SP NSP NSP NSP NSP NSP NSP
பொதுஉணர்வு,பொது + உணர்வு, NSP NSP NSP NSP NSP SP NSP NSP NSP NSP NSP NSP NSP
இரவோடுபகல்,இரவோடு + பகல், NSP NSP NSP NSP NSP NSP NSP SP NSP NSP NSP NSP NSP
மனஅடைவு,மனம் + அடைவு, NSP NSP NSP NSP NSP SP NSP NSP NSP NSP NSP NSP
காட்சியுதவி,காட்சி + உதவி, NSP NSP NSP NSP NSP NSP NSP SP NSP NSP NSP NSP NSP
சந்திப்புகுழு,சந்திப்பு + குழு, NSP NSP NSP NSP NSP NSP NSP NSP NSP NSP SP NSP NSP NSP NSP NSP
படிகவழி,படிக + வழி, NSP NSP NSP NSP NSP SP NSP NSP NSP NSP
பட்டம்கோப்பு,பட்டம் + கோப்பு, NSP NSP NSP NSP NSP NSP NSP SP NSP NSP NSP NSP NSP NSP NSP
அளவுஉமிழ்வு,அளவு + உமிழ்வு, NSP NSP NSP NSP NSP SP NSP NSP NSP NSP NSP NSP NSP NSP
பங்குவாராய்ச்சி,பங்கு + ஆராய்ச்சி, NSP NSP NSP NSP NSP NSP SP NSP NSP NSP NSP NSP NSP NSP NSP NSP NSP
அறைத்திறப்பு,அறை + திறப்பு, NSP NSP NSP NSP SP NSP NSP NSP NSP NSP NSP NSP NSP
சுற்றுப்பக்கம்,சுற்று + பக்கம், NSP NSP NSP NSP NSP NSP NSP SP NSP NSP NSP NSP NSP NSP NSP
பிறப்புநாளை,பிறப்பு + நாளை, NSP NSP NSP NSP NSP NSP NSP NSP SP NSP NSP NSP NSP NSP
உதவிநிகழ்ச்சி,உதவி + நிகழ்ச்சி, NSP NSP NSP NSP NSP SP NSP NSP NSP NSP NSP NSP NSP NSP NSP NSP
சுகாதாரதிசை,சுகாதாரம் + திசை, NSP NSP NSP NSP NSP NSP NSP NSP NSP NSP SP NSP NSP NSP NSP NSP
பூங்காதரம்,பூங்கா + தரம், NSP NSP NSP NSP NSP NSP NSP SP NSP NSP NSP NSP NSP
தண்ணீர்அளவு,தண்ணீர் + அளவு, NSP NSP NSP NSP NSP NSP NSP NSP SP NSP NSP NSP NSP NSP
இடையொத்திசைவு,இடை + ஒத்திசைவு, NSP NSP NSP NSP SP NSP NSP NSP NSP NSP NSP NSP NSP NSP NSP
சமயஊர்வலம்,சமயம் + ஊர்வலம், NSP NSP NSP NSP NSP NSP SP NSP NSP NSP NSP NSP NSP NSP NSP
பட்டக்கலை,பட்டம் + கலை, NSP NSP NSP NSP NSP NSP NSP SP NSP NSP NSP NSP
சிறப்புபரிசு,சிறப்பு + பரிசு, NSP NSP NSP NSP NSP NSP NSP NSP SP NSP NSP NSP NSP NSP NSP
படையாரோக்கியம்,படை + ஆரோக்கியம், NSP NSP NSP NSP SP NSP NSP NSP NSP NSP NSP NSP NSP NSP NSP NSP
வழிதிட்டம்,வழி + திட்டம், NSP NSP NSP NSP SP NSP NSP NSP NSP NSP NSP NSP NSP
வட்டப்பொருள்,வட்டம் + பொருள், NSP NSP NSP NSP NSP NSP NSP SP NSP NSP NSP NSP NSP NSP NSP
வசதிமதிப்பு,வசதி + மதிப்பு, NSP NSP NSP NSP NSP SP NSP NSP NSP NSP NSP NSP NSP NSP
பனிமலர்,பனி + மலர், NSP NSP NSP NSP SP NSP NSP NSP NSP NSP
வெற்றியுணர்வு,வெற்றி + உணர்வு, NSP NSP NSP NSP NSP NSP NSP SP NSP NSP NSP NSP NSP NSP NSP
நகரப்பொருள்,நகரம் + பொருள், NSP NSP NSP NSP NSP NSP SP NSP NSP NSP NSP NSP NSP NSP
பொதிசீரமைப்பு,பொதி + சீரமைப்பு, NSP NSP NSP NSP NSP SP NSP NSP NSP NSP NSP NSP NSP NSP NSP NSP
கல்விநாடு,கல்வி + நாடு, NSP NSP NSP NSP NSP NSP SP NSP NSP NSP NSP NSP
பிறப்புபின்பற்றுதல்,பிறப்பு + பின்பற்றுதல், NSP NSP NSP NSP NSP NSP NSP NSP SP NSP NSP NSP NSP NSP NSP NSP NSP NSP NSP NSP NSP NSP
சாலைஅருகில்,சாலை + அருகில், NSP NSP NSP NSP NSP SP NSP NSP NSP NSP NSP NSP NSP NSP
சிறுவீடு,சிறு + வீடு, NSP NSP NSP NSP NSP SP NSP NSP NSP NSP NSP
களஞ்சியத்தொகுப்பு,களஞ்சியம் + தொகுப்பு, NSP NSP NSP NSP NSP NSP NSP NSP NSP NSP SP NSP NSP NSP NSP NSP NSP NSP NSP NSP
தகவல்தொகுதி,தகவல் + தொகுதி, NSP NSP NSP NSP NSP NSP SP NSP NSP NSP NSP NSP NSP NSP
பாராட்டிமுன்பணம்,பாராட்டி + முன்பணம், NSP NSP NSP NSP NSP NSP NSP NSP NSP SP NSP NSP NSP NSP NSP NSP NSP NSP NSP
பாதைத்தொடர்ச்சி,பாதை + தொடர்ச்சி, NSP NSP NSP NSP NSP SP NSP NSP NSP NSP NSP NSP NSP NSP NSP NSP NSP
பூமிவரலாறு,பூமி + வரலாறு, NSP NSP NSP NSP NSP SP NSP NSP NSP NSP NSP NSP NSP
குழுத்தொழில்நுட்பம்,குழு + தொழில்நுட்பம், NSP NSP NSP NSP NSP SP NSP NSP NSP NSP NSP NSP NSP NSP NSP NSP NSP NSP NSP NSP
அணிகலன்சொத்து,அணிகலன் + சொத்து, NSP NSP NSP NSP NSP NSP NSP NSP SP NSP NSP NSP NSP NSP NSP NSP
நேரம்பயணம்,நேரம் + பயணம், NSP NSP NSP NSP NSP NSP SP NSP NSP NSP NSP NSP NSP
வெளியீடுநிகழ்ச்சி,வெளியீடு + நிகழ்ச்சி, NSP NSP NSP NSP NSP NSP NSP NSP NSP SP NSP NSP NSP NSP NSP NSP NSP NSP NSP NSP
பதவிமுறை,பதவி + முறை, NSP NSP NSP NSP NSP SP NSP NSP NSP NSP NSP
சூத்திரந்திகதி,சூத்திரம் + திகதி, NSP NSP NSP NSP NSP NSP NSP NSP NSP NSP SP NSP NSP NSP NSP NSP NSP
திண்டுக்குறிப்பு,திண்டு + குறிப்பு, NSP NSP NSP NSP NSP NSP NSP SP NSP NSP NSP NSP NSP NSP NSP NSP NSP
அமைப்பாராய்ச்சி,அமைப்பு + ஆராய்ச்சி, NSP NSP NSP NSP NSP NSP NSP NSP SP NSP NSP NSP NSP NSP NSP NSP NSP NSP NSP
குணம்வரிசு,குணம் + பரிசு, NSP NSP NSP NSP NSP NSP SP NSP NSP NSP NSP NSP NSP
சுதந்திரஉரிமை,சுதந்திரம் + உரிமை, NSP NSP NSP NSP NSP NSP NSP NSP NSP NSP NSP SP NSP NSP NSP NSP NSP NSP
மகிழ்ச்சிவழி,மகிழ்ச்சி + வழி, NSP NSP NSP NSP NSP NSP NSP NSP NSP NSP SP NSP NSP NSP NSP
விளக்கதவிர்ப்பு,விளக்கம் + தவிர்ப்பு, NSP NSP NSP NSP NSP NSP NSP NSP NSP SP NSP NSP NSP NSP NSP NSP NSP NSP NSP NSP
மாணவர்பரிசு,மாணவர் + பரிசு, NSP NSP NSP NSP NSP NSP NSP SP NSP NSP NSP NSP NSP NSP
தலைமைத்திட்டம்,தலைமை + திட்டம், NSP NSP NSP NSP NSP NSP SP NSP NSP NSP NSP NSP NSP NSP NSP
நோக்கம்பலன்,நோக்கம் + பலன், NSP NSP NSP NSP NSP NSP NSP NSP SP NSP NSP NSP NSP NSP
பாடம்கல்வி,பாடம் + கல்வி, NSP NSP NSP NSP NSP NSP SP NSP NSP NSP NSP NSP NSP
அதிகமொப்புதல்,அதிகம் + ஒப்புதல், NSP NSP NSP NSP NSP NSP NSP SP NSP NSP NSP NSP NSP NSP NSP NSP NSP
கடையலை,கடை + அலை, NSP NSP NSP NSP SP NSP NSP NSP NSP
பெரியபகுதி,பெரிய + பகுதி, NSP NSP NSP NSP NSP NSP SP NSP NSP NSP NSP NSP NSP
நலங்குணம்,நலம் + குணம், NSP NSP NSP NSP NSP SP NSP NSP NSP NSP NSP NSP
சிலநேரம்,சில + நேரம், NSP NSP NSP NSP SP NSP NSP NSP NSP NSP NSP
மனம்அழுத்தம்,மனம் + அழுத்தம், NSP NSP NSP NSP NSP SP NSP NSP NSP NSP NSP NSP NSP NSP NSP
சில்போர்,சில + போர், NSP NSP NSP NSP SP NSP NSP NSP NSP NSP
சிகப்புக்கதிர்,சிகப்பு + கதிர், NSP NSP NSP NSP NSP NSP NSP NSP SP NSP NSP NSP NSP NSP NSP
பொறுப்புநாள்,பொறுப்பு + நாள், NSP NSP NSP NSP NSP NSP NSP NSP NSP SP NSP NSP NSP NSP NSP
பாடம்புத்தகம்,பாடம் + புத்தகம், NSP NSP NSP NSP NSP NSP SP NSP NSP NSP NSP NSP NSP NSP NSP NSP
பற்பிழை,பல் + பிழை, NSP NSP NSP NSP SP NSP NSP NSP NSP NSP
பிறகுஎண்ணிக்கை,பிறகு + எண்ணிக்கை, NSP NSP NSP NSP NSP NSP SP NSP NSP NSP NSP NSP NSP NSP NSP NSP NSP
சேர்துறை,சேர் + துறை, NSP NSP NSP NSP NSP SP NSP NSP NSP NSP NSP
விளக்கமுஉண்மை,விளக்கம் + உண்மை, NSP NSP NSP NSP NSP NSP NSP NSP NSP SP NSP NSP NSP NSP NSP NSP
நன்றிகுறு,நன்றி + கூறு, NSP NSP NSP NSP NSP NSP SP NSP NSP NSP NSP NSP
படைவிபரம்,படை + விபரம், NSP NSP NSP NSP SP NSP NSP NSP NSP NSP NSP NSP
மூலம்வரலாறு,மூலம் + வரலாறு, NSP NSP NSP NSP NSP NSP SP NSP NSP NSP NSP NSP NSP NSP
பசும்பாலின்மேல்,பசும்பாலின் + மேல், NSP NSP NSP NSP NSP NSP NSP NSP NSP NSP NSP NSP SP NSP NSP NSP NSP NSP
சவால்பரிசு,சவால் + பரிசு, NSP NSP NSP NSP NSP NSP SP NSP NSP NSP NSP NSP NSP
ஆக்கம்தளம்,ஆக்கம் + தளம், NSP NSP NSP NSP NSP NSP NSP SP NSP NSP NSP NSP NSP
சாலையிலுள்ளபெட்டி,சாலையிலுள்ள + பெட்டி, NSP NSP NSP NSP NSP NSP NSP NSP NSP NSP NSP NSP SP NSP NSP NSP NSP NSP NSP NSP
உதவிவிசாரணை,உதவி + விசாரணை, NSP NSP NSP NSP NSP SP NSP NSP NSP NSP NSP NSP NSP NSP
சிந்தனையின்முறை,சிந்தனை + முறை, NSP NSP NSP NSP NSP NSP NSP NSP SP NSP NSP NSP NSP NSP
அறிவியல்டிட்டம்,அறிவியல் + திட்டம், NSP NSP NSP NSP NSP NSP NSP NSP NSP SP NSP NSP NSP NSP NSP NSP NSP NSP
நேரம்பகுதி,நேரம் + பகுதி, NSP NSP NSP NSP NSP NSP SP NSP NSP NSP NSP NSP NSP
தகவல்சேவை,தகவல் + சேவை, NSP NSP NSP NSP NSP NSP SP NSP NSP NSP NSP NSP
பாராட்டுமுயற்சி,பாராட்டு + முயற்சி, NSP NSP NSP NSP NSP NSP NSP NSP NSP SP NSP NSP NSP NSP NSP NSP NSP NSP
பதிவேட்டின்பரிசு,பதிவேட்டின் + பரிசு, NSP NSP NSP NSP NSP NSP NSP NSP NSP NSP NSP NSP SP NSP NSP NSP NSP NSP NSP
ஆக்கப்பணித்தொகுப்பு,ஆக்கப்பணி + தொகுப்பு, NSP NSP NSP NSP NSP NSP NSP NSP NSP NSP SP NSP NSP NSP NSP NSP NSP NSP NSP NSP
எண்ணிக்கைவெளியீடு,எண்ணிக்கை + வெளியீடு, NSP NSP NSP NSP NSP NSP NSP NSP NSP NSP SP NSP NSP NSP NSP NSP NSP NSP NSP NSP
சிறுகதைத்தொகுப்பு,சிறுகதைகள் + தொகுப்பு, NSP NSP NSP NSP NSP NSP NSP NSP NSP NSP NSP SP NSP NSP NSP NSP NSP NSP NSP NSP NSP
அழகுவாழ்வு,அழகு + வாழ்வு, NSP NSP NSP NSP NSP SP NSP NSP NSP NSP NSP NSP NSP
பரிசுசலவு,பரிசு + அளவு, NSP NSP NSP NSP NSP NSP SP NSP NSP NSP NSP NSP
அவர்ஐயா,அவர் + ஐயா, NSP NSP NSP NSP NSP SP NSP NSP NSP NSP
உருவடிவு,உரு + வடிவு, NSP NSP NSP NSP SP NSP NSP NSP NSP NSP NSP
நிறத்தன்மை,நிறம் + தன்மை, NSP NSP NSP NSP NSP NSP SP NSP NSP NSP NSP NSP NSP
உள்ளிடம்,உள்ள + இடம், NSP NSP NSP NSP NSP SP NSP NSP NSP NSP NSP
காதலுண்மை,காதல் + உண்மை, NSP NSP NSP NSP NSP NSP SP NSP NSP NSP NSP NSP NSP
பட்டங்கையொப்பம்,பட்டம் + கையொப்பம், NSP NSP NSP NSP NSP NSP NSP SP NSP NSP NSP NSP NSP NSP NSP NSP NSP NSP
ஆற்றல்வேளை,ஆற்றல் + வேளை, NSP NSP NSP NSP NSP NSP NSP SP NSP NSP NSP NSP NSP
கோடுவீடு,கோடு + வீடு, NSP NSP NSP NSP NSP SP NSP NSP NSP NSP NSP
விளக்கமுண்மை,விளக்கம் + உண்மை, NSP NSP NSP NSP NSP NSP NSP NSP NSP SP NSP NSP NSP NSP NSP NSP
அறிவுக்கலை,அறிவு + கலை, NSP NSP NSP NSP NSP NSP SP NSP NSP NSP NSP
காற்றூட்டம்,காற்று + ஓட்டம், NSP NSP NSP NSP NSP NSP NSP SP NSP NSP NSP NSP NSP NSP NSP
அணிகலமேலை,அணிகலம் + வேலை, NSP NSP NSP NSP NSP NSP NSP NSP SP NSP NSP NSP NSP NSP
பயிர்நிலம்,பயிர் + நிலம், NSP NSP NSP NSP NSP NSP SP NSP NSP NSP NSP NSP NSP
சொலுரை,சொல் + உரை, NSP NSP NSP NSP NSP SP NSP NSP NSP NSP
நகைத்துணி,நகை + துணி, NSP NSP NSP NSP SP NSP NSP NSP NSP NSP
அளவுக்கொடு,அளவு + கொடு, NSP NSP NSP NSP NSP SP NSP NSP NSP NSP NSP
செயல்வொருள்,செயல் + பொருள், NSP NSP NSP NSP NSP NSP SP NSP NSP NSP NSP NSP NSP NSP
உதவிமனம்,உதவி + மனம், NSP NSP NSP NSP NSP SP NSP NSP NSP NSP NSP
பக்கம்சாலை,பக்கம் + சாலை, NSP NSP NSP NSP NSP NSP NSP SP NSP NSP NSP NSP NSP
சிறுபடி,சிறு + படி, NSP NSP NSP NSP NSP SP NSP NSP NSP NSP
எழுத்துப்பதிவு,எழுத்து + பதிவு, NSP NSP NSP NSP NSP NSP NSP NSP SP NSP NSP NSP NSP NSP NSP
அபார்தம்பேச்சு,அபார்தம் + பேச்சு, NSP NSP NSP NSP NSP NSP NSP NSP NSP SP NSP NSP NSP NSP NSP NSP NSP
சிறியஊர்,சிறிய + ஊர், NSP NSP NSP NSP NSP NSP SP NSP NSP NSP NSP
நெல்பசு,நெல் + பசு, NSP NSP NSP NSP NSP SP NSP NSP NSP NSP
சேர்யமைப்பு,சேர் + அமைப்பு, NSP NSP NSP NSP NSP SP NSP NSP NSP NSP NSP NSP NSP NSP
மணல்கழிவு,மணல் + கழிவு, NSP NSP NSP NSP NSP SP NSP NSP NSP NSP NSP NSP
அல்லும்உண்மை,அல்லும் + உண்மை, NSP NSP NSP NSP NSP NSP NSP NSP SP NSP NSP NSP NSP NSP NSP
ஆராய்ச்சிசோதனை,ஆராய்ச்சி + சோதனை, NSP NSP NSP NSP NSP NSP NSP NSP NSP NSP SP NSP NSP NSP NSP NSP NSP
உரிமைநிறுவனம்,உரிமை + நிறுவனம், NSP NSP NSP NSP NSP NSP SP NSP NSP NSP NSP NSP NSP NSP NSP NSP
சொல்லியஇனம்,சொல்லிய + இனம், NSP NSP NSP NSP NSP NSP NSP NSP SP NSP NSP NSP NSP NSP
பொருள்பொருளாதாரம்,பொருள் + பொருளாதாரம், NSP NSP NSP NSP NSP NSP NSP SP NSP NSP NSP NSP NSP NSP NSP NSP NSP NSP NSP NSP
மறைசேமிப்பு,மறை + சேமிப்பு, NSP NSP NSP NSP SP NSP NSP NSP NSP NSP NSP NSP NSP NSP
அதிகாரம்அறிவு,அதிகாரம் + அறிவு, NSP NSP NSP NSP NSP NSP NSP NSP NSP SP NSP NSP NSP NSP NSP NSP
செய்திமுறை,செய்தி + முறை, NSP NSP NSP NSP NSP NSP NSP SP NSP NSP NSP NSP NSP
நாடுமக்கள்,நாடு + மக்கள், NSP NSP NSP NSP NSP SP NSP NSP NSP NSP NSP NSP NSP
பண்புமுறை,பண்பு + முறை, NSP NSP NSP NSP NSP NSP SP NSP NSP NSP NSP NSP
ஆரோக்கியம்நிலை,ஆரோக்கியம் + நிலை, NSP NSP NSP NSP NSP NSP NSP NSP NSP NSP NSP SP NSP NSP NSP NSP NSP
வணிகம்வரி,வணிகம் + வரி, NSP NSP NSP NSP NSP NSP NSP SP NSP NSP NSP NSP
அரசுவேலை,அரசு + வேலை, NSP NSP NSP NSP NSP SP NSP NSP NSP NSP NSP
பதிவுச்சிரிக்கை,பதிவு + அறிக்கை, NSP NSP NSP NSP NSP NSP SP NSP NSP NSP NSP NSP NSP NSP NSP
பயிற்சிமுனை,பயிற்சி + முனை, NSP NSP NSP NSP NSP NSP NSP NSP SP NSP NSP NSP NSP NSP
தலைமைபரிசு,தலைமை + பரிசு, NSP NSP NSP NSP NSP NSP SP NSP NSP NSP NSP NSP NSP
அளவுமீதி,அளவு + மீதி, NSP NSP NSP NSP NSP SP NSP NSP NSP NSP NSP
உள்ளமுணர்வு,உள்ளம் + உணர்வு, NSP NSP NSP NSP NSP NSP NSP SP NSP NSP NSP NSP NSP NSP NSP
அரசுத்தளம்,அரசு + தளம், NSP NSP NSP NSP NSP SP NSP NSP NSP NSP NSP
துணியுதிர்வு,துணி + உதிர்வு, NSP NSP NSP NSP NSP SP NSP NSP NSP NSP NSP NSP NSP NSP
பிறகுமீறல்,பிறகு + மீறல், NSP NSP NSP NSP NSP NSP SP NSP NSP NSP NSP NSP NSP
மிகப்பெரும்பாலும்,மிகவும் + பெரும்பாலும், NSP NSP NSP NSP NSP NSP NSP NSP SP NSP NSP NSP NSP NSP NSP NSP NSP NSP NSP NSP NSP NSP
அழகோர்,அழகு + ஓர், NSP NSP NSP NSP NSP SP NSP NSP NSP NSP
பட்டங்கொள்,பட்டம் + கொள், NSP NSP NSP NSP NSP NSP NSP SP NSP NSP NSP NSP NSP
சமாதிபாட்டு,சமாதி + பாட்டு, NSP NSP NSP NSP NSP NSP SP NSP NSP NSP NSP NSP NSP NSP
அறிவுக்கக்கம்,அறி + பக்கம், NSP NSP NSP NSP SP NSP NSP NSP NSP NSP NSP NSP
அழிப்புவழி,அழிப்பு + வழி, NSP NSP NSP NSP NSP NSP NSP NSP SP NSP NSP NSP NSP
அசுவிபரிசு,அசுவின் + பரிசு, NSP NSP NSP NSP NSP NSP NSP NSP SP NSP NSP NSP NSP NSP NSP
அறிவிப்புக்குறிப்பு,அறிவிப்பு + குறிப்பு, NSP NSP NSP NSP NSP NSP NSP NSP NSP NSP SP NSP NSP NSP NSP NSP NSP NSP NSP NSP
அழிந்தபக்கம்,அழிந்த + பக்கம், NSP NSP NSP NSP NSP NSP NSP SP NSP NSP NSP NSP NSP NSP NSP
பேராசைஅறிகுறி,பேராசை + அறிகுறி, NSP NSP NSP NSP NSP NSP NSP SP NSP NSP NSP NSP NSP NSP NSP NSP
நிறமரபு,நிறம் + மரபு, NSP NSP NSP NSP NSP NSP SP NSP NSP NSP NSP NSP
தன் கடை,தன் + கடை, NSP NSP NSP NSP SP NSP NSP NSP NSP
அவர்தளம்,அவர் + தளம், NSP NSP NSP NSP NSP SP NSP NSP NSP NSP NSP
கிரகம்பக்கம்,கிரகம் + பக்கம், NSP NSP NSP NSP NSP NSP NSP SP NSP NSP NSP NSP NSP NSP NSP
இங்குவாழ்வு,இங்கு + வாழ்வு, NSP NSP NSP NSP NSP NSP SP NSP NSP NSP NSP NSP NSP NSP
அம்மாநாயி,அம்மா + நாயி, NSP NSP NSP NSP NSP NSP SP NSP NSP NSP NSP NSP
பேசுவதுமுன்னே,பேசுவது + முன்னே, NSP NSP NSP NSP NSP NSP NSP NSP SP NSP NSP NSP NSP NSP NSP NSP
பிளவுநிறைவு,பிளவு + நிறைவு, NSP NSP NSP NSP NSP NSP SP NSP NSP NSP NSP NSP NSP NSP
வாய்க்கருவிசிகிச்சை,வாய்க்கருவி + சிகிச்சை, NSP NSP NSP NSP NSP NSP NSP NSP NSP NSP NSP NSP SP NSP NSP NSP NSP NSP NSP NSP NSP NSP
அரசுபணி,அரசு + பணி, NSP NSP NSP NSP NSP SP NSP NSP NSP NSP
சர்க்கரைபூமி,சர்க்கரை + பூமி, NSP NSP NSP NSP NSP NSP NSP NSP NSP SP NSP NSP NSP NSP NSP
விளக்கமகருவி,விளக்கம் + கருவி, NSP NSP NSP NSP NSP NSP NSP NSP NSP SP NSP NSP NSP NSP NSP NSP
சிறந்தவடிவமைப்பு,சிறந்த + வடிவமைப்பு, NSP NSP NSP NSP NSP NSP NSP SP NSP NSP NSP NSP NSP NSP NSP NSP NSP NSP NSP
பரிசுகைவிடு,பரிசு + கைவிடு, NSP NSP NSP NSP NSP NSP SP NSP NSP NSP NSP NSP NSP NSP
பற்றியாய்வு,பற்றி + ஆய்வு, NSP NSP NSP NSP NSP NSP SP NSP NSP NSP NSP NSP NSP
குழப்பம்நிலை,குழப்பம் + நிலை, NSP NSP NSP NSP NSP NSP NSP NSP NSP SP NSP NSP NSP NSP NSP
அரசுதீர்வு,அரசு + தீர்வு, NSP NSP NSP NSP NSP SP NSP NSP NSP NSP NSP NSP NSP
ஆற்றல்பணிக்குழு,ஆற்றல் + பணிக்குழு, NSP NSP NSP NSP NSP NSP NSP SP NSP NSP NSP NSP NSP NSP NSP NSP NSP NSP
கூட்டணிமுறை,கூட்டணி + முறை, NSP NSP NSP NSP NSP NSP NSP NSP SP NSP NSP NSP NSP NSP
படிப்புகவனம்,படிப்பு + கவனம், NSP NSP NSP NSP NSP NSP NSP NSP SP NSP NSP NSP NSP NSP NSP
உணர்வுபகுதி,உணர்வு + பகுதி, NSP NSP NSP NSP NSP NSP NSP SP NSP NSP NSP NSP NSP NSP
எளிதாவிளக்கம்,எளிதாக + விளக்கம், NSP NSP NSP NSP NSP NSP NSP SP NSP NSP NSP NSP NSP NSP NSP NSP NSP
நாடுநல்,நாடு + நல், NSP NSP NSP NSP NSP SP NSP NSP NSP NSP
கடவுள்துதி,கடவுள் + துதி, NSP NSP NSP NSP NSP NSP NSP SP NSP NSP NSP NSP NSP
அறிவுத்தூண்,அறிவு + தூண், NSP NSP NSP NSP NSP NSP SP NSP NSP NSP NSP NSP
அன்புமலர்,அன்பு + மலர், NSP NSP NSP NSP NSP NSP SP NSP NSP NSP NSP NSP
விளக்குமாடு,விளக்கு + மாடு, NSP NSP NSP NSP NSP NSP NSP NSP SP NSP NSP NSP NSP NSP
கடற்காற்று,கடல் + காற்று, NSP NSP NSP NSP NSP SP NSP NSP NSP NSP NSP NSP NSP
கல்லூரிமாணவர்கள்,கல்லூரி + மாணவர்கள், NSP NSP NSP NSP NSP NSP NSP NSP SP NSP NSP NSP NSP NSP NSP NSP NSP NSP NSP
அரசுதவி,அரசு + உதவி, NSP NSP NSP NSP NSP SP NSP NSP NSP NSP NSP
அழகுபொன்னி,அழகு + பொன்னி, NSP NSP NSP NSP NSP SP NSP NSP NSP NSP NSP NSP NSP
குடும்பவாழ்க்கை,குடும்பம் + வாழ்க்கை, NSP NSP NSP NSP NSP NSP NSP NSP NSP NSP SP NSP NSP NSP NSP NSP NSP NSP NSP NSP
தோழமையுணர்வு,தோழமை + உணர்வு, NSP NSP NSP NSP NSP NSP SP NSP NSP NSP NSP NSP NSP NSP
வாழ்க்கைப்பாசம்,வாழ்க்கை + பாசம், NSP NSP NSP NSP NSP NSP NSP NSP NSP SP NSP NSP NSP NSP NSP NSP
கலைப்பண்டங்கள்,கலை + பண்டங்கள், NSP NSP NSP NSP SP NSP NSP NSP NSP NSP NSP NSP NSP NSP NSP
வீட்டோட்டம்,வீடு + தோட்டம், NSP NSP NSP NSP NSP SP NSP NSP NSP NSP NSP NSP NSP NSP
அமைதியுரையாடு,அமைதி + உரையாடு, NSP NSP NSP NSP NSP NSP SP NSP NSP NSP NSP NSP NSP NSP NSP
விதியாட்சி,விதி + ஆட்சி, NSP NSP NSP NSP NSP SP NSP NSP NSP NSP NSP NSP
விதிமுறை,விதி + முறை, NSP NSP NSP NSP NSP SP NSP NSP NSP NSP NSP
அழகுநெறி,அழகு + நெறி, NSP NSP NSP NSP NSP SP NSP NSP NSP NSP NSP
நட்புக்கதை,நட்பு + கதை, NSP NSP NSP NSP NSP NSP SP NSP NSP NSP NSP
அமைதியுணர்வு,அமைதி + உணர்வு, NSP NSP NSP NSP NSP NSP SP NSP NSP NSP NSP NSP NSP NSP
வாழ்வின்சுவை,வாழ்வின் + சுவை, NSP NSP NSP NSP NSP NSP NSP NSP NSP SP NSP NSP NSP NSP NSP
தாய்க்காதல்,தாய் + காதல், NSP NSP NSP NSP NSP SP NSP NSP NSP NSP NSP NSP
அறிவுசக்தி,அறிவு + சக்தி, NSP NSP NSP NSP NSP NSP SP NSP NSP NSP NSP NSP NSP
புத்தகப்பக்கம்,புத்தகம் + பக்கம், NSP NSP NSP NSP NSP NSP NSP NSP NSP SP NSP NSP NSP NSP NSP NSP NSP
தோழருதவி,தோழர் + உதவி, NSP NSP NSP NSP NSP NSP SP NSP NSP NSP NSP NSP
குடிவளர்ச்சி,குடி + வளர்ச்சி, NSP NSP NSP NSP NSP SP NSP NSP NSP NSP NSP NSP NSP NSP NSP
அழகுக்காட்சி,அழகு + காட்சி, NSP NSP NSP NSP NSP SP NSP NSP NSP NSP NSP NSP NSP
விளையாட்டுத்திறன்,விளையாட்டு + திறன், NSP NSP NSP NSP NSP NSP NSP NSP NSP NSP NSP SP NSP NSP NSP NSP NSP NSP
அறிவுப்பயிற்சி,அறிவு + பயிற்சி, NSP NSP NSP NSP NSP NSP SP NSP NSP NSP NSP NSP NSP NSP NSP
நினைவாட்டை,நினைவு + அட்டை, NSP NSP NSP NSP NSP NSP NSP SP NSP NSP NSP NSP NSP NSP
கடவுள்வழிபாடு,கடவுள் + வழிபாடு, NSP NSP NSP NSP NSP NSP NSP SP NSP NSP NSP NSP NSP NSP NSP NSP
சின்னப்பொருள்,சின்னம் + பொருள், NSP NSP NSP NSP NSP NSP NSP NSP SP NSP NSP NSP NSP NSP NSP NSP
மரக்கனி,மரம் + கனி, NSP NSP NSP NSP NSP SP NSP NSP NSP NSP
படைப்பயிற்சி,படை + பயிற்சி, NSP NSP NSP NSP SP NSP NSP NSP NSP NSP NSP NSP NSP
அரசுப்பள்ளி,அரசு + பள்ளி, NSP NSP NSP NSP NSP SP NSP NSP NSP NSP NSP NSP
அன்பாசை,அன்பு + ஆசை, NSP NSP NSP NSP NSP NSP SP NSP NSP NSP NSP
பாடங்கற்றல்,பாடம் + கற்றல், NSP NSP NSP NSP NSP NSP SP NSP NSP NSP NSP NSP NSP NSP
அறிவுபரிசு,அறிவு + பரிசு, NSP NSP NSP NSP NSP NSP SP NSP NSP NSP NSP NSP NSP
அழகுபொருள்,அழகு + பொருள், NSP NSP NSP NSP NSP SP NSP NSP NSP NSP NSP NSP NSP
தோழமைப்பெயர்,தோழமை + பெயர், NSP NSP NSP NSP NSP NSP SP NSP NSP NSP NSP NSP NSP
வழிகடைசி,வழி + கடைசி, NSP NSP NSP NSP SP NSP NSP NSP NSP NSP NSP
குடிபேருந்து,குடி + பேருந்து, NSP NSP NSP NSP NSP SP NSP NSP NSP NSP NSP NSP NSP NSP NSP
மருத்துவமறிக்கை,மருத்துவம் + அறிக்கை, NSP NSP NSP NSP NSP NSP NSP NSP NSP NSP NSP SP NSP NSP NSP NSP NSP NSP NSP NSP
வெள்ளிப்பனி,வெள்ளி + பனி, NSP NSP NSP NSP NSP NSP NSP SP NSP NSP NSP NSP
நினைவுத்தினம்,நினைவு + தினம், NSP NSP NSP NSP NSP NSP NSP SP NSP NSP NSP NSP NSP NSP
அமைதியிடம்,அமைதி + இடம், NSP NSP NSP NSP NSP NSP SP NSP NSP NSP NSP NSP
குடிபாதுகாப்பு,குடி + பாதுகாப்பு, NSP NSP NSP NSP NSP SP NSP NSP NSP NSP NSP NSP NSP NSP NSP NSP NSP
அறிவுரை,அறிவு + உரை, NSP NSP NSP NSP NSP NSP SP NSP NSP NSP NSP
அழகுதேர்,அழகு + தேர், NSP NSP NSP NSP NSP SP NSP NSP NSP NSP NSP
அருமைநிலை,அருமை + நிலை, NSP NSP NSP NSP NSP NSP SP NSP NSP NSP NSP NSP
குணக்காட்சி,குணம் + காட்சி, NSP NSP NSP NSP NSP NSP SP NSP NSP NSP NSP NSP NSP NSP
விளக்குபாதை,விளக்கு + பாதை, NSP NSP NSP NSP NSP NSP NSP NSP SP NSP NSP NSP NSP NSP
புருஷன்பொறுப்பு,புருஷன் + பொறுப்பு, NSP NSP NSP NSP NSP NSP NSP NSP SP NSP NSP NSP NSP NSP NSP NSP NSP NSP
மனமார்வம்,மனம் + ஆர்வம், NSP NSP NSP NSP NSP SP NSP NSP NSP NSP NSP NSP NSP
குடும்பமாசை,குடும்பம் + ஆசை, NSP NSP NSP NSP NSP NSP NSP NSP NSP NSP SP NSP NSP NSP NSP
வளர்ச்சிசெயல்,வளர்ச்சி + செயல், NSP NSP NSP NSP NSP NSP NSP NSP NSP SP NSP NSP NSP NSP NSP NSP
அழகுத்தாரம்,அழகு + தாரம், NSP NSP NSP NSP NSP SP NSP NSP NSP NSP NSP NSP
அறிவியல்சோதனை,அறிவியல் + சோதனை, NSP NSP NSP NSP NSP NSP NSP NSP NSP SP NSP NSP NSP NSP NSP NSP
பசுமைப்பறவை,பசுமை + பறவை, NSP NSP NSP NSP NSP NSP SP NSP NSP NSP NSP NSP
தோழர்சின்னம்,தோழர் + சின்னம், NSP NSP NSP NSP NSP NSP SP NSP NSP NSP NSP NSP NSP NSP NSP
அமைதியாசை,அமைதி + ஆசை, NSP NSP NSP NSP NSP NSP SP NSP NSP NSP NSP
காதலுறவு,காதல் + உறவு, NSP NSP NSP NSP NSP NSP SP NSP NSP NSP NSP NSP
கலைப்பாடல்,கலை + பாடல், NSP NSP NSP NSP SP NSP NSP NSP NSP NSP NSP
அரசுத்தொழில்,அரசு + தொழில், NSP NSP NSP NSP NSP SP NSP NSP NSP NSP NSP NSP NSP
அழகுசிறப்பு,அழகு + சிறப்பு, NSP NSP NSP NSP NSP SP NSP NSP NSP NSP NSP NSP NSP NSP
வழிமுயற்சி,வழி + முயற்சி, NSP NSP NSP NSP SP NSP NSP NSP NSP NSP NSP NSP NSP
தொழில்திறன்,தொழில் + திறன், NSP NSP NSP NSP NSP NSP NSP SP NSP NSP NSP NSP NSP NSP
கடவுள்வழிகாட்டி,கடவுள் + வழிகாட்டி, NSP NSP NSP NSP NSP NSP NSP SP NSP NSP NSP NSP NSP NSP NSP NSP NSP NSP
அறிவுபொருள்,அறிவு + பொருள், NSP NSP NSP NSP NSP NSP SP NSP NSP NSP NSP NSP NSP NSP
தோழமைச்சொந்தம்,தோழமை + சொந்தம், NSP NSP NSP NSP NSP NSP SP NSP NSP NSP NSP NSP NSP NSP NSP
வாழ்க்கைப்புதுமை,வாழ்க்கை + புதுமை, NSP NSP NSP NSP NSP NSP NSP NSP NSP SP NSP NSP NSP NSP NSP NSP NSP
அழகுஅறிவியல்,அழகு + அறிவியல், NSP NSP NSP NSP NSP SP NSP NSP NSP NSP NSP NSP NSP NSP NSP
படைமுன்னணி,படை + முன்னணி, NSP NSP NSP NSP SP NSP NSP NSP NSP NSP NSP NSP NSP
தாய்மைவரம்,தாய்மை + வரம், NSP NSP NSP NSP NSP NSP NSP SP NSP NSP NSP NSP NSP
அன்புவிருந்து,அன்பு + விருந்து, NSP NSP NSP NSP NSP NSP SP NSP NSP NSP NSP NSP NSP NSP NSP NSP
குடிசொத்து,குடி + சொத்து, NSP NSP NSP NSP NSP SP NSP NSP NSP NSP NSP NSP NSP
வினைசெயல்,வினை + செயல், NSP NSP NSP NSP NSP SP NSP NSP NSP NSP NSP NSP
மரந்தோப்பு,மரம் + தோப்பு, NSP NSP NSP NSP NSP SP NSP NSP NSP NSP NSP NSP NSP
கலைப்பெருமை,கலை + பெருமை, NSP NSP NSP NSP SP NSP NSP NSP NSP NSP NSP NSP
அன்புறுதி,அன்பு + உறுதி, NSP NSP NSP NSP NSP NSP SP NSP NSP NSP NSP NSP NSP
அறிவுநம்பிக்கை,அறிவு + நம்பிக்கை, NSP NSP NSP NSP NSP NSP SP NSP NSP NSP NSP NSP NSP NSP NSP NSP NSP
படிப்புசிக்கல்,படிப்பு + சிக்கல், NSP NSP NSP NSP NSP NSP NSP NSP SP NSP NSP NSP NSP NSP NSP NSP NSP
அழகுமுறை,அழகு + முறை, NSP NSP NSP NSP NSP SP NSP NSP NSP NSP NSP
விழிப்புப்பாடம்,விழிப்பு + பாடம், NSP NSP NSP NSP NSP NSP NSP NSP NSP SP NSP NSP NSP NSP NSP NSP
அமைதிவிதி,அமைதி + விதி, NSP NSP NSP NSP NSP NSP SP NSP NSP NSP NSP NSP
பாராட்டுமொழி,பாராட்டு + மொழி, NSP NSP NSP NSP NSP NSP NSP NSP NSP SP NSP NSP NSP NSP NSP
அறிவுவினை,அறிவு + வினை, NSP NSP NSP NSP NSP NSP SP NSP NSP NSP NSP NSP
தோழமைத்துணை,தோழமை + துணை, NSP NSP NSP NSP NSP NSP SP NSP NSP NSP NSP NSP
அழகுவண்ணம்,அழகு + வண்ணம், NSP NSP NSP NSP NSP SP NSP NSP NSP NSP NSP NSP NSP
தாய்மைப்பெருமை,தாய்மை + பெருமை, NSP NSP NSP NSP NSP NSP NSP SP NSP NSP NSP NSP NSP NSP NSP
அமைதியுழைப்பு,அமைதி + உழைப்பு, NSP NSP NSP NSP NSP NSP SP NSP NSP NSP NSP NSP NSP NSP NSP
வெளிச்சமறிவு,வெளிச்சம் + அறிவு, NSP NSP NSP NSP NSP NSP NSP NSP NSP NSP SP NSP NSP NSP NSP NSP NSP
கடவுளாசீர்,கடவுள் + ஆசீர், NSP NSP NSP NSP NSP NSP NSP SP NSP NSP NSP NSP NSP NSP
வழிபயணம்,வழி + பயணம், NSP NSP NSP NSP SP NSP NSP NSP NSP NSP NSP
அன்புஅறிவு,அன்பு + அறிவு, NSP NSP NSP NSP NSP NSP SP NSP NSP NSP NSP NSP NSP
தொழில்முயற்சி,தொழில் + முயற்சி, NSP NSP NSP NSP NSP NSP NSP SP NSP NSP NSP NSP NSP NSP NSP NSP
கலைமுயற்சி,கலை + முயற்சி, NSP NSP NSP NSP SP NSP NSP NSP NSP NSP NSP NSP NSP
அமைதிதாங்கு,அமைதி + தாங்கு, NSP NSP NSP NSP NSP NSP SP NSP NSP NSP NSP NSP NSP NSP
வெள்ளிமாலை,வெள்ளி + மாலை, NSP NSP NSP NSP NSP NSP NSP SP NSP NSP NSP NSP NSP
கடற்கரை,கடல் + கரை, NSP NSP NSP NSP NSP SP NSP NSP NSP NSP
வெளிச்சப்பாதை,வெளிச்சம் + பாதை, NSP NSP NSP NSP NSP NSP NSP NSP NSP NSP SP NSP NSP NSP NSP NSP
அழகுசெயல்திறன்,அழகு + செயல்திறன், NSP NSP NSP NSP NSP SP NSP NSP NSP NSP NSP NSP NSP NSP NSP NSP NSP
அறிவுமுறை,அறிவு + முறை, NSP NSP NSP NSP NSP NSP SP NSP NSP NSP NSP NSP
அன்புமழலை,அன்பு + மழலை, NSP NSP NSP NSP NSP NSP SP NSP NSP NSP NSP NSP
பொதுமைத்தன்மை,பொதுமை + தன்மை, NSP NSP NSP NSP NSP NSP NSP SP NSP NSP NSP NSP NSP NSP
அமைதிபயணம்,அமைதி + பயணம், NSP NSP NSP NSP NSP NSP SP NSP NSP NSP NSP NSP NSP
வெள்ளிமணி,வெள்ளி + மணி, NSP NSP NSP NSP NSP NSP NSP SP NSP NSP NSP NSP
அறிவுகலந்தாய்வு,அறிவு + கலந்தாய்வு, NSP NSP NSP NSP NSP NSP SP NSP NSP NSP NSP NSP NSP NSP NSP NSP NSP NSP
தோழமைச்செயல்,தோழமை + செயல், NSP NSP NSP NSP NSP NSP SP NSP NSP NSP NSP NSP NSP
கலைப்பரிசு,கலை + பரிசு, NSP NSP NSP NSP SP NSP NSP NSP NSP NSP NSP
அறிவுவெற்றி,அறிவு + வெற்றி, NSP NSP NSP NSP NSP NSP SP NSP NSP NSP NSP NSP NSP NSP
அழகுசிற்பம்,அழகு + சிற்பம், NSP NSP NSP NSP NSP SP NSP NSP NSP NSP NSP NSP NSP NSP
மனம்கலக்கம்,மனம் + கலக்கம், NSP NSP NSP NSP NSP SP NSP NSP NSP NSP NSP NSP NSP NSP
அமைதிநீதி,அமைதி + நீதி, NSP NSP NSP NSP NSP NSP SP NSP NSP NSP NSP NSP
அன்புசுயம்,அன்பு + சுயம், NSP NSP NSP NSP NSP NSP SP NSP NSP NSP NSP NSP NSP
அறிவுக்குறிப்பு,அறிவு + குறிப்பு, NSP NSP NSP NSP NSP NSP SP NSP NSP NSP NSP NSP NSP NSP NSP NSP
விழிப்புணர்வு,விழிப்பு + உணர்வு, NSP NSP NSP NSP NSP NSP NSP NSP NSP SP NSP NSP NSP NSP NSP NSP NSP
அறிவுதவி,அறிவு + உதவி, NSP NSP NSP NSP NSP NSP SP NSP NSP NSP NSP NSP
குடும்பமுறவு,குடும்பம் + உறவு, NSP NSP NSP NSP NSP NSP NSP NSP NSP NSP SP NSP NSP NSP NSP NSP
வாழ்க்கைச்சுவை,வாழ்க்கை + சுவை, NSP NSP NSP NSP NSP NSP NSP NSP NSP SP NSP NSP NSP NSP NSP
அமைதிசுதந்திரம்,அமைதி + சுதந்திரம், NSP NSP NSP NSP NSP NSP SP NSP NSP NSP NSP NSP NSP NSP NSP NSP NSP NSP
வளர்ச்சிமுன்னேற்றம்,வளர்ச்சி + முன்னேற்றம், NSP NSP NSP NSP NSP NSP NSP NSP NSP SP NSP NSP NSP NSP NSP NSP NSP NSP NSP NSP NSP NSP
அன்புஇசை,அன்பு + இசை, NSP NSP NSP NSP NSP NSP SP NSP NSP NSP NSP
கடற்கொம்பு,கடல் + கொம்பு, NSP NSP NSP NSP NSP SP NSP NSP NSP NSP NSP NSP NSP
வெள்ளிமழை,வெள்ளி + மழை, NSP NSP NSP NSP NSP NSP NSP SP NSP NSP NSP NSP
கலைப்பெயர்,கலை + பெயர், NSP NSP NSP NSP SP NSP NSP NSP NSP NSP NSP
அறிவுச்செல்வம்,அறிவு + செல்வம், NSP NSP NSP NSP NSP NSP SP NSP NSP NSP NSP NSP NSP NSP NSP
அறிவியல்சாதனை,அறிவியல் + சாதனை, NSP NSP NSP NSP NSP NSP NSP NSP NSP SP NSP NSP NSP NSP NSP NSP
அழகுநயம்,அழகு + நயம், NSP NSP NSP NSP NSP SP NSP NSP NSP NSP NSP
தோழர்கருத்து,தோழர் + கருத்து, NSP NSP NSP NSP NSP NSP SP NSP NSP NSP NSP NSP NSP NSP NSP
மனம்வெற்றி,மனம் + வெற்றி, NSP NSP NSP NSP NSP SP NSP NSP NSP NSP NSP NSP NSP
குடும்பம்நலம்,குடும்பம் + நலம், NSP NSP NSP NSP NSP NSP NSP NSP NSP NSP SP NSP NSP NSP NSP NSP
அறிவுவிளக்கம்,அறிவு + விளக்கம், NSP NSP NSP NSP NSP NSP SP NSP NSP NSP NSP NSP NSP NSP NSP NSP
வளர்ச்சிப்பாதை,வளர்ச்சி + பாதை, NSP NSP NSP NSP NSP NSP NSP NSP NSP SP NSP NSP NSP NSP NSP
அமைதிவிழிப்பு,அமைதி + விழிப்பு, NSP NSP NSP NSP NSP NSP SP NSP NSP NSP NSP NSP NSP NSP NSP NSP
அன்பார்வம்,அன்பு + ஆர்வம், NSP NSP NSP NSP NSP NSP SP NSP NSP NSP NSP NSP NSP NSP
வெளிச்சமுயிர்,வெளிச்சம் + உயிர், NSP NSP NSP NSP NSP NSP NSP NSP NSP NSP SP NSP NSP NSP NSP NSP NSP
அழகுவரம்,அழகு + வரம், NSP NSP NSP NSP NSP SP NSP NSP NSP NSP NSP
அரசுசுதந்திரம்,அரசு + சுதந்திரம், NSP NSP NSP NSP NSP SP NSP NSP NSP NSP NSP NSP NSP NSP NSP NSP NSP
மனந்தெளிவு,மனம் + தெளிவு, NSP NSP NSP NSP NSP SP NSP NSP NSP NSP NSP NSP NSP
விழிப்புசெயல்,விழிப்பு + செயல், NSP NSP NSP NSP NSP NSP NSP NSP NSP SP NSP NSP NSP NSP NSP NSP
அறிவுஅறிவுரை,அறிவு + அறிவுரை, NSP NSP NSP NSP NSP NSP SP NSP NSP NSP NSP NSP NSP NSP NSP
கலைக்கண்ணியம்,கலை + கண்ணியம், NSP NSP NSP NSP SP NSP NSP NSP NSP NSP NSP NSP NSP NSP
அறிவுவாழ்க்கை,அறிவு + வாழ்க்கை, NSP NSP NSP NSP NSP NSP SP NSP NSP NSP NSP NSP NSP NSP NSP NSP
அமைதியொளி,அமைதி + ஒளி, NSP NSP NSP NSP NSP NSP SP NSP NSP NSP NSP
தோழர்பேராண்மை,தோழர் + பேராண்மை, NSP NSP NSP NSP NSP NSP SP NSP NSP NSP NSP NSP NSP NSP NSP NSP
வளர்ச்சிவிதி,வளர்ச்சி + விதி, NSP NSP NSP NSP NSP NSP NSP NSP NSP SP NSP NSP NSP NSP NSP
கடவுள்சிறப்பு,கடவுள் + சிறப்பு, NSP NSP NSP NSP NSP NSP NSP SP NSP NSP NSP NSP NSP NSP NSP NSP
அன்புவிருப்பம்,அன்பு + விருப்பம், NSP NSP NSP NSP NSP NSP SP NSP NSP NSP NSP NSP NSP NSP NSP NSP NSP
கலைஉந்துதல்,கலை + உந்துதல், NSP NSP NSP NSP SP NSP NSP NSP NSP NSP NSP NSP NSP NSP
அறிவுச்சொல்,அறிவு + சொல், NSP NSP NSP NSP NSP NSP SP NSP NSP NSP NSP NSP
வெளிச்சமுரை,வெளிச்சம் + உரை, NSP NSP NSP NSP NSP NSP NSP NSP NSP NSP SP NSP NSP NSP NSP
அழகுகவிதை,அழகு + கவிதை, NSP NSP NSP NSP NSP SP NSP NSP NSP NSP NSP NSP
தோழர்மொழி,தோழர் + மொழி, NSP NSP NSP NSP NSP NSP SP NSP NSP NSP NSP NSP
விழிப்பறிவு,விழிப்பு + அறிவு, NSP NSP NSP NSP NSP NSP NSP NSP NSP SP NSP NSP NSP NSP NSP NSP
அன்புஆழம்,அன்பு + ஆழம், NSP NSP NSP NSP NSP NSP SP NSP NSP NSP NSP NSP
அறிவுத்திறன்,அறிவு + திறன், NSP NSP NSP NSP NSP NSP SP NSP NSP NSP NSP NSP NSP
வாழ்வுவளம்,வாழ்வு + வளம், NSP NSP NSP NSP NSP NSP NSP SP NSP NSP NSP NSP NSP
அமைதிசெயல்திறன்,அமைதி + செயல்திறன், NSP NSP NSP NSP NSP NSP SP NSP NSP NSP NSP NSP NSP NSP NSP NSP NSP NSP
கலைச்செயல்முறை,கலை + செயல்முறை, NSP NSP NSP NSP SP NSP NSP NSP NSP NSP NSP NSP NSP NSP NSP
வளர்ச்சிமுயற்சி,வளர்ச்சி + முயற்சி, NSP NSP NSP NSP NSP NSP NSP NSP NSP SP NSP NSP NSP NSP NSP NSP NSP NSP
அன்பருமை,அன்பு + அருமை, NSP NSP NSP NSP NSP NSP SP NSP NSP NSP NSP NSP NSP
மனமாற்றல்,மனம் + ஆற்றல், NSP NSP NSP NSP NSP SP NSP NSP NSP NSP NSP NSP NSP
அறிவுவழிகாட்டி,அறிவு + வழிகாட்டி, NSP NSP NSP NSP NSP NSP SP NSP NSP NSP NSP NSP NSP NSP NSP NSP NSP
அழகுகாட்சி,அழகு + காட்சி, NSP NSP NSP NSP NSP SP NSP NSP NSP NSP NSP NSP NSP
தோழமைவழிகாட்டி,தோழமை + வழிகாட்டி, NSP NSP NSP NSP NSP NSP SP NSP NSP NSP NSP NSP NSP NSP NSP NSP NSP
அமைதிவிருப்பம்,அமைதி + விருப்பம், NSP NSP NSP NSP NSP NSP SP NSP NSP NSP NSP NSP NSP NSP NSP NSP NSP
வெளிச்சத்திறன்,வெளிச்சம் + திறன், NSP NSP NSP NSP NSP NSP NSP NSP NSP NSP SP NSP NSP NSP NSP NSP NSP
அழகுசின்னம்,அழகு + சின்னம், NSP NSP NSP NSP NSP SP NSP NSP NSP NSP NSP NSP NSP NSP
அறிவுக்கடமை,அறிவு + கடமை, NSP NSP NSP NSP NSP NSP SP NSP NSP NSP NSP NSP
அன்புநெஞ்சம்,அன்பு + நெஞ்சம், NSP NSP NSP NSP NSP NSP SP NSP NSP NSP NSP NSP NSP NSP NSP
குடும்பத்தொண்டு,குடும்பம் + தொண்டு, NSP NSP NSP NSP NSP NSP NSP NSP NSP NSP SP NSP NSP NSP NSP NSP NSP NSP
மனம்நினைவு,மனம் + நினைவு, NSP NSP NSP NSP NSP SP NSP NSP NSP NSP NSP NSP NSP
அறிவுபயிற்சி,அறிவு + பயிற்சி, NSP NSP NSP NSP NSP NSP SP NSP NSP NSP NSP NSP NSP NSP NSP
அழகுத்தன்மை,அழகு + தன்மை, NSP NSP NSP NSP NSP SP NSP NSP NSP NSP NSP NSP
விழிப்பறிவுரை,விழிப்பு + அறிவுரை, NSP NSP NSP NSP NSP NSP NSP NSP NSP SP NSP NSP NSP NSP NSP NSP NSP NSP
கலைப்பரிணாமம்,கலை + பரிணாமம், NSP NSP NSP NSP SP NSP NSP NSP NSP NSP NSP NSP NSP NSP
தோழர்துணை,தோழர் + துணை, NSP NSP NSP NSP NSP NSP SP NSP NSP NSP NSP NSP
அமைதியுரை,அமைதி + உரை, NSP NSP NSP NSP NSP NSP SP NSP NSP NSP NSP
வளர்ச்சிபயணம்,வளர்ச்சி + பயணம், NSP NSP NSP NSP NSP NSP NSP NSP NSP SP NSP NSP NSP NSP NSP NSP
அன்பார்த்தம்,அன்பு + அர்த்தம், NSP NSP NSP NSP NSP NSP SP NSP NSP NSP NSP NSP NSP NSP NSP NSP
அறிவுச்சொற்பொழிவு,அறிவு + சொற்பொழிவு, NSP NSP NSP NSP NSP NSP SP NSP NSP NSP NSP NSP NSP NSP NSP NSP NSP NSP
கடவுளருள்,கடவுள் + அருள், NSP NSP NSP NSP NSP NSP NSP SP NSP NSP NSP NSP NSP NSP
அழகுருவம்,அழகு + உருவம், NSP NSP NSP NSP NSP SP NSP NSP NSP NSP NSP NSP NSP
வெளிச்சந்நோக்கம்,வெளிச்சம் + நோக்கம், NSP NSP NSP NSP NSP NSP NSP NSP NSP NSP SP NSP NSP NSP NSP NSP NSP NSP NSP
தோழமைநம்பிக்கை,தோழமை + நம்பிக்கை, NSP NSP NSP NSP NSP NSP SP NSP NSP NSP NSP NSP NSP NSP NSP NSP NSP
வாழ்வுசுகம்,வாழ்வு + சுகம், NSP NSP NSP NSP NSP NSP NSP SP NSP NSP NSP NSP NSP NSP
அன்புபதில்,அன்பு + பதில், NSP NSP NSP NSP NSP NSP SP NSP NSP NSP NSP NSP NSP
அறிவொளி,அறிவு + ஒளி, NSP NSP NSP NSP NSP NSP SP NSP NSP NSP NSP
அமைதிமூச்சு,அமைதி + மூச்சு, NSP NSP NSP NSP NSP NSP SP NSP NSP NSP NSP NSP NSP NSP
வளர்ச்சிசாதனை,வளர்ச்சி + சாதனை, NSP NSP NSP NSP NSP NSP NSP NSP NSP SP NSP NSP NSP NSP NSP NSP
தோழர்செய்தி,தோழர் + செய்தி, NSP NSP NSP NSP NSP NSP SP NSP NSP NSP NSP NSP NSP NSP
அறிவுக்கண்டு,அறிவு + கண்டு, NSP NSP NSP NSP NSP NSP SP NSP NSP NSP NSP NSP NSP
அன்பொளி,அன்பு + ஒளி, NSP NSP NSP NSP NSP NSP SP NSP NSP NSP NSP
அழகுவிளக்கம்,அழகு + விளக்கம், NSP NSP NSP NSP NSP SP NSP NSP NSP NSP NSP NSP NSP NSP NSP
அமைதிசெயல்,அமைதி + செயல், NSP NSP NSP NSP NSP NSP SP NSP NSP NSP NSP NSP NSP
கடவுள்பக்கம்,கடவுள் + பக்கம், NSP NSP NSP NSP NSP NSP NSP SP NSP NSP NSP NSP NSP NSP NSP
வெளிச்சமாழம்,வெளிச்சம் + ஆழம், NSP NSP NSP NSP NSP NSP NSP NSP NSP NSP SP NSP NSP NSP NSP NSP
அறிவுவரலாறு,அறிவு + வரலாறு, NSP NSP NSP NSP NSP NSP SP NSP NSP NSP NSP NSP NSP NSP
அன்புநினைவகம்,அன்பு + நினைவகம், NSP NSP NSP NSP NSP NSP SP NSP NSP NSP NSP NSP NSP NSP NSP NSP
அறிவறிவுரை,அறிவு + அறிவுரை, NSP NSP NSP NSP NSP NSP SP NSP NSP NSP NSP NSP NSP NSP NSP
விழிப்புவிழிப்பு,விழிப்பு + விழிப்பு, NSP NSP NSP NSP NSP NSP NSP NSP NSP SP NSP NSP NSP NSP NSP NSP NSP NSP NSP
மனம்சமநிலை,மனம் + சமநிலை, NSP NSP NSP NSP NSP SP NSP NSP NSP NSP NSP NSP NSP
அன்புமனிதம்,அன்பு + மனிதம், NSP NSP NSP NSP NSP NSP SP NSP NSP NSP NSP NSP NSP NSP
அழகொளி,அழகு + ஒளி, NSP NSP NSP NSP NSP SP NSP NSP NSP NSP
விழிப்புசெயல்முறை,விழிப்பு + செயல்முறை, NSP NSP NSP NSP NSP NSP NSP NSP NSP SP NSP NSP NSP NSP NSP NSP NSP NSP NSP NSP
அறிவுப்பரிசு,அறிவு + பரிசு, NSP NSP NSP NSP NSP NSP SP NSP NSP NSP NSP NSP NSP
அமைதிதோற்றம்,அமைதி + தோற்றம், NSP NSP NSP NSP NSP NSP SP NSP NSP NSP NSP NSP NSP NSP NSP
குடும்பமமைப்பு,குடும்பம் + அமைப்பு, NSP NSP NSP NSP NSP NSP NSP NSP NSP NSP SP NSP NSP NSP NSP NSP NSP NSP NSP
அன்புவாழ்க்கை,அன்பு + வாழ்க்கை, NSP NSP NSP NSP NSP NSP SP NSP NSP NSP NSP NSP NSP NSP NSP NSP
வாழ்க்கைக்கலை,வாழ்வு + கலை, NSP NSP NSP NSP NSP NSP NSP SP NSP NSP NSP NSP
அறிவியல்பணி,அறிவியல் + பணி, NSP NSP NSP NSP NSP NSP NSP NSP NSP SP NSP NSP NSP NSP
அழகுபாடல்,அழகு + பாடல், NSP NSP NSP NSP NSP SP NSP NSP NSP NSP NSP NSP
அறிவுச்செயல்முறை,அறிவு + செயல்முறை, NSP NSP NSP NSP NSP NSP SP NSP NSP NSP NSP NSP NSP NSP NSP NSP NSP
தோழமைசெல்வம்,தோழமை + செல்வம், NSP NSP NSP NSP NSP NSP SP NSP NSP NSP NSP NSP NSP NSP NSP
மனம்நம்பிக்கை,மனம் + நம்பிக்கை, NSP NSP NSP NSP NSP SP NSP NSP NSP NSP NSP NSP NSP NSP NSP NSP
விழிப்புநிலை,விழிப்பு + நிலை, NSP NSP NSP NSP NSP NSP NSP NSP NSP SP NSP NSP NSP NSP NSP
அன்புமகிழ்ச்சி,அன்பு + மகிழ்ச்சி, NSP NSP NSP NSP NSP NSP SP NSP NSP NSP NSP NSP NSP NSP NSP NSP NSP
வெளிச்சம்நிறம்,வெளிச்சம் + நிறம், NSP NSP NSP NSP NSP NSP NSP NSP NSP NSP SP NSP NSP NSP NSP NSP NSP
அழகுநடிப்பு,அழகு + நடிப்பு, NSP NSP NSP NSP NSP SP NSP NSP NSP NSP NSP NSP NSP NSP
அறிவுஆழம்,அறிவு + ஆழம், NSP NSP NSP NSP NSP NSP SP NSP NSP NSP NSP NSP
அமைதிமுடிவு,அமைதி + முடிவு, NSP NSP NSP NSP NSP NSP SP NSP NSP NSP NSP NSP NSP NSP
கலைஉபகரணம்,கலை + உபகரணம், NSP NSP NSP NSP SP NSP NSP NSP NSP NSP NSP NSP NSP
அன்புத்திறன்,அன்பு + திறன், NSP NSP NSP NSP NSP NSP SP NSP NSP NSP NSP NSP NSP
விழிப்பொளி,விழிப்பு + ஒளி, NSP NSP NSP NSP NSP NSP NSP NSP NSP SP NSP NSP NSP NSP
அறிவுவழிமுறை,அறிவு + வழிமுறை, NSP NSP NSP NSP NSP NSP SP NSP NSP NSP NSP NSP NSP NSP NSP
அழகுபிரகாசம்,அழகு + பிரகாசம், NSP NSP NSP NSP NSP SP NSP NSP NSP NSP NSP NSP NSP NSP NSP
தோழமையார்வம்,தோழமை + ஆர்வம், NSP NSP NSP NSP NSP NSP SP NSP NSP NSP NSP NSP NSP NSP
அமைதிவழி,அமைதி + வழி, NSP NSP NSP NSP NSP NSP SP NSP NSP NSP NSP
குடும்பம்நட்பு,குடும்பம் + நட்பு, NSP NSP NSP NSP NSP NSP NSP NSP NSP NSP SP NSP NSP NSP NSP NSP NSP
அன்புவழி,அன்பு + வழி, NSP NSP NSP NSP NSP NSP SP NSP NSP NSP NSP
வெளிச்சம்காட்சி,வெளிச்சம் + காட்சி, NSP NSP NSP NSP NSP NSP NSP NSP NSP NSP SP NSP NSP NSP NSP NSP NSP NSP
அழகுவிளையாட்டு,அழகு + விளையாட்டு, NSP NSP NSP NSP NSP SP NSP NSP NSP NSP NSP NSP NSP NSP NSP NSP NSP
மனமர்த்தம்,மனம் + அர்த்தம், NSP NSP NSP NSP NSP SP NSP NSP NSP NSP NSP NSP NSP NSP NSP
அறிவுபோதனை,அறிவு + போதனை, NSP NSP NSP NSP NSP NSP SP NSP NSP NSP NSP NSP NSP
விழிப்புசெயல்பாடு,விழிப்பு + செயல்பாடு, NSP NSP NSP NSP NSP NSP NSP NSP NSP SP NSP NSP NSP NSP NSP NSP NSP NSP NSP NSP
அமைதிபோதை,அமைதி + போதை, NSP NSP NSP NSP NSP NSP SP NSP NSP NSP NSP NSP
அன்புஆறுதல்,அன்பு + ஆறுதல், NSP NSP NSP NSP NSP NSP SP NSP NSP NSP NSP NSP NSP NSP
வாழ்வுத்திறன்,வாழ்வு + திறன், NSP NSP NSP NSP NSP NSP NSP SP NSP NSP NSP NSP NSP NSP
அறிவுபயணம்,அறிவு + பயணம், NSP NSP NSP NSP NSP NSP SP NSP NSP NSP NSP NSP NSP
தோழமையொளி,தோழமை + ஒளி, NSP NSP NSP NSP NSP NSP SP NSP NSP NSP NSP
கலைவிளக்கம்,கலை + விளக்கம், NSP NSP NSP NSP SP NSP NSP NSP NSP NSP NSP NSP NSP NSP
அன்புவழிகாட்டி,அன்பு + வழிகாட்டி, NSP NSP NSP NSP NSP NSP SP NSP NSP NSP NSP NSP NSP NSP NSP NSP NSP
வெளிச்சம்தொடக்கம்,வெளிச்சம் + தொடக்கம், NSP NSP NSP NSP NSP NSP NSP NSP NSP NSP SP NSP NSP NSP NSP NSP NSP NSP NSP NSP
மனம்சிந்தனை,மனம் + சிந்தனை, NSP NSP NSP NSP NSP SP NSP NSP NSP NSP NSP NSP NSP NSP
அறிவுத்திறமைகள்,அறிவு + திறமைகள், NSP NSP NSP NSP NSP NSP SP NSP NSP NSP NSP NSP NSP NSP NSP NSP
விழிப்புமுடிவு,விழிப்பு + முடிவு, NSP NSP NSP NSP NSP NSP NSP NSP NSP SP NSP NSP NSP NSP NSP NSP NSP
அமைதிவாழ்க்கை,அமைதி + வாழ்க்கை, NSP NSP NSP NSP NSP NSP SP NSP NSP NSP NSP NSP NSP NSP NSP NSP
குடும்பம்பாசம்,குடும்பம் + பாசம், NSP NSP NSP NSP NSP NSP NSP NSP NSP NSP SP NSP NSP NSP NSP NSP NSP
அன்புகவனம்,அன்பு + கவனம், NSP NSP NSP NSP NSP NSP SP NSP NSP NSP NSP NSP NSP
வெளிச்சம்விளக்கம்,வெளிச்சம் + விளக்கம், NSP NSP NSP NSP NSP NSP NSP NSP NSP NSP SP NSP NSP NSP NSP NSP NSP NSP NSP NSP
அழகுபாடம்,அழகு + பாடம், NSP NSP NSP NSP NSP SP NSP NSP NSP NSP NSP NSP
அறிவுநோக்கம்,அறிவு + நோக்கம், NSP NSP NSP NSP NSP NSP SP NSP NSP NSP NSP NSP NSP NSP NSP
தோழமையுமுயற்சி,தோழமை + முயற்சி, NSP NSP NSP NSP NSP NSP SP NSP NSP NSP NSP NSP NSP NSP NSP
விழிப்புமனம்,விழிப்பு + மனம், NSP NSP NSP NSP NSP NSP NSP NSP NSP SP NSP NSP NSP NSP NSP
அமைதிசிறப்பு,அமைதி + சிறப்பு, NSP NSP NSP NSP NSP NSP SP NSP NSP NSP NSP NSP NSP NSP NSP
அன்புறவுகள்,அன்பு + உறவுகள், NSP NSP NSP NSP NSP NSP SP NSP NSP NSP NSP NSP NSP NSP NSP
வெளிச்சம்திறமை,வெளிச்சம் + திறமை, NSP NSP NSP NSP NSP NSP NSP NSP NSP NSP SP NSP NSP NSP NSP NSP NSP
அன்புலகம்,அன்பு + உலகம், NSP NSP NSP NSP NSP NSP SP NSP NSP NSP NSP NSP NSP
அழகுநிகழ்ச்சி,அழகு + நிகழ்ச்சி, NSP NSP NSP NSP NSP SP NSP NSP NSP NSP NSP NSP NSP NSP NSP NSP
மனம்பொறுமை,மனம் + பொறுமை, NSP NSP NSP NSP NSP SP NSP NSP NSP NSP NSP NSP NSP
அறிவுவிளையாட்டு,அறிவு + விளையாட்டு, NSP NSP NSP NSP NSP NSP SP NSP NSP NSP NSP NSP NSP NSP NSP NSP NSP NSP
விழிப்புலகம்,விழிப்பு + உலகம், NSP NSP NSP NSP NSP NSP NSP NSP NSP SP NSP NSP NSP NSP NSP NSP
அமைதிகலை,அமைதி + கலை, NSP NSP NSP NSP NSP NSP SP NSP NSP NSP NSP
குடும்பம்ப்பெருமை,குடும்பம் + பெருமை, NSP NSP NSP NSP NSP NSP NSP NSP NSP NSP SP NSP NSP NSP NSP NSP NSP NSP
அன்புத்தூய்மை,அன்பு + தூய்மை, NSP NSP NSP NSP NSP NSP SP NSP NSP NSP NSP NSP NSP NSP
வெளிச்சம்கலை,வெளிச்சம் + கலை, NSP NSP NSP NSP NSP NSP NSP NSP NSP NSP SP NSP NSP NSP NSP
அழகுமனம்,அழகு + மனம், NSP NSP NSP NSP NSP SP NSP NSP NSP NSP NSP
அறிவுமமைதி,அறிவு + அமைதி, NSP NSP NSP NSP NSP NSP SP NSP NSP NSP NSP NSP NSP
அன்புஅறிவியல்,அன்பு + அறிவியல், NSP NSP NSP NSP NSP NSP SP NSP NSP NSP NSP NSP NSP NSP NSP NSP
அறிவுத்திரை,அறிவு + திரை, NSP NSP NSP NSP NSP NSP SP NSP NSP NSP NSP NSP
அழகுஉன்னதம்,அழகு + உன்னதம், NSP NSP NSP NSP NSP SP NSP NSP NSP NSP NSP NSP NSP NSP
அமைதிபிரசாரம்,அமைதி + பிரசாரம், NSP NSP NSP NSP NSP NSP SP NSP NSP NSP NSP NSP NSP NSP NSP NSP
விழிப்புபணி,விழிப்பு + பணி, NSP NSP NSP NSP NSP NSP NSP NSP NSP SP NSP NSP NSP NSP
அன்புநீதி,அன்பு + நீதி, NSP NSP NSP NSP NSP NSP SP NSP NSP NSP NSP NSP
அறிவுப்பாசம்,அறிவு + பாசம், NSP NSP NSP NSP NSP NSP SP NSP NSP NSP NSP NSP NSP
வெளிச்சம்உருவம்,வெளிச்சம் + உருவம், NSP NSP NSP NSP NSP NSP NSP NSP NSP NSP SP NSP NSP NSP NSP NSP NSP NSP
அழகுபண்பு,அழகு + பண்பு, NSP NSP NSP NSP NSP SP NSP NSP NSP NSP NSP NSP
அன்புற்சாகம்,அன்பு + உற்சாகம், NSP NSP NSP NSP NSP NSP SP NSP NSP NSP NSP NSP NSP NSP NSP NSP
அறிவுத்தளம்,அறிவு + தளம், NSP NSP NSP NSP NSP NSP SP NSP NSP NSP NSP NSP
அமைதியுறுதி,அமைதி + உறுதி, NSP NSP NSP NSP NSP NSP SP NSP NSP NSP NSP NSP NSP
கலைச்சுவை,கலை + சுவை, NSP NSP NSP NSP SP NSP NSP NSP NSP NSP
அழகுநாடகம்,அழகு + நாடகம், NSP NSP NSP NSP NSP SP NSP NSP NSP NSP NSP NSP NSP
அறிவுபொதுத்திறன்,அறிவு + பொதுத்திறன், NSP NSP NSP NSP NSP NSP SP NSP NSP NSP NSP NSP NSP NSP NSP NSP NSP NSP NSP
அன்புபரிணாமம்,அன்பு + பரிணாமம், NSP NSP NSP NSP NSP NSP SP NSP NSP NSP NSP NSP NSP NSP NSP NSP
வெளிச்சம்ஒளி,வெளிச்சம் + ஒளி, NSP NSP NSP NSP NSP NSP NSP NSP NSP NSP SP NSP NSP NSP NSP
அழகுரை,அழகு + உரை, NSP NSP NSP NSP NSP SP NSP NSP NSP NSP
மனம்பெருமை,மனம் + பெருமை, NSP NSP NSP NSP NSP SP NSP NSP NSP NSP NSP NSP NSP
அன்புதெளிவு,அன்பு + தெளிவு, NSP NSP NSP NSP NSP NSP SP NSP NSP NSP NSP NSP NSP NSP
விழிப்புமுயற்சி,விழிப்பு + முயற்சி, NSP NSP NSP NSP NSP NSP NSP NSP NSP SP NSP NSP NSP NSP NSP NSP NSP NSP
அமைதியுறவுகள்,அமைதி + உறவுகள், NSP NSP NSP NSP NSP NSP SP NSP NSP NSP NSP NSP NSP NSP NSP
அன்புறவு,அன்பு + உறவு, NSP NSP NSP NSP NSP NSP SP NSP NSP NSP NSP NSP
அறிவியல்,அறிவு + யல், NSP NSP NSP NSP NSP NSP SP NSP NSP NSP NSP
அமைதிவழிகாட்டி,அமைதி + வழிகாட்டி, NSP NSP NSP NSP NSP NSP SP NSP NSP NSP NSP NSP NSP NSP NSP NSP NSP
அன்புதூய்மை,அன்பு + தூய்மை, NSP NSP NSP NSP NSP NSP SP NSP NSP NSP NSP NSP NSP NSP
அன்புஉண்மை,அன்பு + உண்மை, NSP NSP NSP NSP NSP NSP SP NSP NSP NSP NSP NSP NSP
அறிவுகலை,அறிவு + கலை, NSP NSP NSP NSP NSP NSP SP NSP NSP NSP NSP
அறிவுபண்புகள்,அறிவு + பண்புகள், NSP NSP NSP NSP NSP NSP SP NSP NSP NSP NSP NSP NSP NSP NSP NSP
அன்புவரவு,அன்பு + வரவு, NSP NSP NSP NSP NSP NSP SP NSP NSP NSP NSP NSP
அறிவுத்தேர்வு,அறிவு + தேர்வு, NSP NSP NSP NSP NSP NSP SP NSP NSP NSP NSP NSP NSP NSP
அன்புமுன்னேற்றம்,அன்பு + முன்னேற்றம், NSP NSP NSP NSP NSP NSP SP NSP NSP NSP NSP NSP NSP NSP NSP NSP NSP NSP NSP
அறிவுக்கவனம்,அறிவு + கவனம், NSP NSP NSP NSP NSP NSP SP NSP NSP NSP NSP NSP NSP
அன்புமகிழ்வுகள்,அன்பு + மகிழ்வுகள், NSP NSP NSP NSP NSP NSP SP NSP NSP NSP NSP NSP NSP NSP NSP NSP NSP NSP
அறிவுசூழல்,அறிவு + சூழல், NSP NSP NSP NSP NSP NSP SP NSP NSP NSP NSP NSP NSP
அன்புஊடகம்,அன்பு + ஊடகம், NSP NSP NSP NSP NSP NSP SP NSP NSP NSP NSP NSP NSP
அறிவுபுத்தகம்,அறிவு + புத்தகம், NSP NSP NSP NSP NSP NSP SP NSP NSP NSP NSP NSP NSP NSP NSP NSP
அழகுமொழி,அழகு + மொழி, NSP NSP NSP NSP NSP SP NSP NSP NSP NSP NSP
அறிவுவழிகள்,அறிவு + வழிகள், NSP NSP NSP NSP NSP NSP SP NSP NSP NSP NSP NSP NSP NSP
அன்புஆர்வம்,அன்பு + ஆர்வம், NSP NSP NSP NSP NSP NSP SP NSP NSP NSP NSP NSP NSP NSP
அறிவுபுரிதல்,அறிவு + புரிதல், NSP NSP NSP NSP NSP NSP SP NSP NSP NSP NSP NSP NSP NSP NSP
அன்புகதைகள்,அன்பு + கதைகள், NSP NSP NSP NSP NSP NSP SP NSP NSP NSP NSP NSP NSP NSP
அறிவுநுட்பம்,அறிவு + நுட்பம், NSP NSP NSP NSP NSP NSP SP NSP NSP NSP NSP NSP NSP NSP NSP
அன்புமுறை,அன்பு + முறை, NSP NSP NSP NSP NSP NSP SP NSP NSP NSP NSP NSP
வெளிச்சம்சிந்தனை,வெளிச்சம் + சிந்தனை, NSP NSP NSP NSP NSP NSP NSP NSP NSP NSP SP NSP NSP NSP NSP NSP NSP NSP NSP
அழகுஅமைப்பு,அழகு + அமைப்பு, NSP NSP NSP NSP NSP SP NSP NSP NSP NSP NSP NSP NSP NSP
அறிவுஆராய்ச்சி,அறிவு + ஆராய்ச்சி, NSP NSP NSP NSP NSP NSP SP NSP NSP NSP NSP NSP NSP NSP NSP NSP NSP
அன்புபகிர்வு,அன்பு + பகிர்வு, NSP NSP NSP NSP NSP NSP SP NSP NSP NSP NSP NSP NSP NSP NSP
அறிவுஒளி,அறிவு + ஒளி, NSP NSP NSP NSP NSP NSP SP NSP NSP NSP NSP
அறிவுப்பயன்பாடு,அறிவு + பயன்பாடு, NSP NSP NSP NSP NSP NSP SP NSP NSP NSP NSP NSP NSP NSP NSP NSP
அறிவுப்படிப்பு,அறிவு + படிப்பு, NSP NSP NSP NSP NSP NSP SP NSP NSP NSP NSP NSP NSP NSP NSP
அன்புஇணைப்பு,அன்பு + இணைப்பு, NSP NSP NSP NSP NSP NSP SP NSP NSP NSP NSP NSP NSP NSP NSP
அறிவுமுறையியல்,அறிவு + முறையியல், NSP NSP NSP NSP NSP NSP SP NSP NSP NSP NSP NSP NSP NSP NSP NSP NSP
அன்புஆன்மிகை,அன்பு + ஆன்மிகை, NSP NSP NSP NSP NSP NSP SP NSP NSP NSP NSP NSP NSP NSP NSP
அறிவுக்காணும்,அறிவு + காணும், NSP NSP NSP NSP NSP NSP SP NSP NSP NSP NSP NSP NSP NSP
அறிவுஆண்டாளம்,அறிவு + ஆண்டாளம், NSP NSP NSP NSP NSP NSP SP NSP NSP NSP NSP NSP NSP NSP NSP NSP
அன்புஎதிர்ப்பு,அன்பு + எதிர்ப்பு, NSP NSP NSP NSP NSP NSP SP NSP NSP NSP NSP NSP NSP NSP NSP NSP NSP
அறிவுஉறுதி,அறிவு + உறுதி, NSP NSP NSP NSP NSP NSP SP NSP NSP NSP NSP NSP NSP
அன்புமீட்பு,அன்பு + மீட்பு, NSP NSP NSP NSP NSP NSP SP NSP NSP NSP NSP NSP NSP NSP
அன்பாராய்ச்சி,அன்பு + ஆராய்ச்சி, NSP NSP NSP NSP NSP NSP SP NSP NSP NSP NSP NSP NSP NSP NSP NSP NSP
அறிவுப்பண்பு,அறிவு + பண்பு, NSP NSP NSP NSP NSP NSP SP NSP NSP NSP NSP NSP NSP
அன்புபாடம்,அன்பு + பாடம், NSP NSP NSP NSP NSP NSP SP NSP NSP NSP NSP NSP NSP
அழகுபடைப்பு,அழகு + படைப்பு, NSP NSP NSP NSP NSP SP NSP NSP NSP NSP NSP NSP NSP NSP
அறிவுக்கற்றல்,அறிவு + கற்றல், NSP NSP NSP NSP NSP NSP SP NSP NSP NSP NSP NSP NSP NSP
அன்புநட்பு,அன்பு + நட்பு, NSP NSP NSP NSP NSP NSP SP NSP NSP NSP NSP NSP NSP
அறிவுவிவரம்,அறிவு + விவரம், NSP NSP NSP NSP NSP NSP SP NSP NSP NSP NSP NSP NSP NSP
அன்பெண்ணம்,அன்பு + எண்ணம், NSP NSP NSP NSP NSP NSP SP NSP NSP NSP NSP NSP NSP NSP
அறிவுவளர்ச்சி,அறிவு + வளர்ச்சி, NSP NSP NSP NSP NSP NSP SP NSP NSP NSP NSP NSP NSP NSP NSP NSP
அன்புஉயிர்ப்பு,அன்பு + உயிர்ப்பு, NSP NSP NSP NSP NSP NSP SP NSP NSP NSP NSP NSP NSP NSP NSP NSP NSP
அறிவுத்தோற்றம்,அறிவு + தோற்றம், NSP NSP NSP NSP NSP NSP SP NSP NSP NSP NSP NSP NSP NSP NSP
அன்புப்பாசம்,அன்பு + பாசம், NSP NSP NSP NSP NSP NSP SP NSP NSP NSP NSP NSP NSP
அறிவுநுட்பங்கள்,அறிவு + நுட்பங்கள், NSP NSP NSP NSP NSP NSP SP NSP NSP NSP NSP NSP NSP NSP NSP NSP NSP NSP
அன்புத்துணை,அன்பு + துணை, NSP NSP NSP NSP NSP NSP SP NSP NSP NSP NSP NSP
அறிவாய்வு,அறிவு + ஆய்வு, NSP NSP NSP NSP NSP NSP SP NSP NSP NSP NSP NSP NSP
அன்புஉழைப்பு,அன்பு + உழைப்பு, NSP NSP NSP NSP NSP NSP SP NSP NSP NSP NSP NSP NSP NSP NSP
அறிவுமுயற்சி,அறிவு + முயற்சி, NSP NSP NSP NSP NSP NSP SP NSP NSP NSP NSP NSP NSP NSP NSP
அன்புரையாடல்,அன்பு + உரையாடல், NSP NSP NSP NSP NSP NSP SP NSP NSP NSP NSP NSP NSP NSP NSP NSP
அறிவுசந்தை,அறிவு + சந்தை, NSP NSP NSP NSP NSP NSP SP NSP NSP NSP NSP NSP NSP
அன்புசோதனை,அன்பு + சோதனை, NSP NSP NSP NSP NSP NSP SP NSP NSP NSP NSP NSP NSP
அறிவுத்தொழில்,அறிவு + தொழில், NSP NSP NSP NSP NSP NSP SP NSP NSP NSP NSP NSP NSP NSP
அன்புத்திறமை,அன்பு + திறமை, NSP NSP NSP NSP NSP NSP SP NSP NSP NSP NSP NSP NSP
அறிவுஉண்மை,அறிவு + உண்மை, NSP NSP NSP NSP NSP NSP SP NSP NSP NSP NSP NSP NSP
அன்புவழிகாட்டு,அன்பு + வழிகாட்டு, NSP NSP NSP NSP NSP NSP SP NSP NSP NSP NSP NSP NSP NSP NSP NSP NSP
அறிவுஆளுமை,அறிவு + ஆளுமை, NSP NSP NSP NSP NSP NSP SP NSP NSP NSP NSP NSP NSP
அன்புத்தேர்வு,அன்பு + தேர்வு, NSP NSP NSP NSP NSP NSP SP NSP NSP NSP NSP NSP NSP NSP
அறிவுப்பொருள்,அறிவு + பொருள், NSP NSP NSP NSP NSP NSP SP NSP NSP NSP NSP NSP NSP NSP
அன்புபாதுகாப்பு,அன்பு + பாதுகாப்பு, NSP NSP NSP NSP NSP NSP SP NSP NSP NSP NSP NSP NSP NSP NSP NSP NSP NSP
அறிவுப்புலமை,அறிவு + புலமை, NSP NSP NSP NSP NSP NSP SP NSP NSP NSP NSP NSP NSP
அறிவுநடைமுறை,அறிவு + நடைமுறை, NSP NSP NSP NSP NSP NSP SP NSP NSP NSP NSP NSP NSP NSP NSP
அன்புதிடக்கம்,அன்பு + திடக்கம், NSP NSP NSP NSP NSP NSP SP NSP NSP NSP NSP NSP NSP NSP NSP NSP
அறிவுப்போதனை,அறிவு + போதனை, NSP NSP NSP NSP NSP NSP SP NSP NSP NSP NSP NSP NSP
அன்புசேவை,அன்பு + சேவை, NSP NSP NSP NSP NSP NSP SP NSP NSP NSP NSP NSP
அன்புநிலைமை,அன்பு + நிலைமை, NSP NSP NSP NSP NSP NSP SP NSP NSP NSP NSP NSP NSP NSP
அறிவுச்செயல்,அறிவு + செயல், NSP NSP NSP NSP NSP NSP SP NSP NSP NSP NSP NSP NSP
அன்புபக்தி,அன்பு + பக்தி, NSP NSP NSP NSP NSP NSP SP NSP NSP NSP NSP NSP NSP
அறிவானுபவம்,அறிவு + அனுபவம், NSP NSP NSP NSP NSP NSP SP NSP NSP NSP NSP NSP NSP NSP NSP
அன்புகனவு,அன்பு + கனவு, NSP NSP NSP NSP NSP NSP SP NSP NSP NSP NSP NSP
அறிவுமுயற்சிகள்,அறிவு + முயற்சிகள், NSP NSP NSP NSP NSP NSP SP NSP NSP NSP NSP NSP NSP NSP NSP NSP NSP NSP
அன்புவழக்கம்,அன்பு + வழக்கம், NSP NSP NSP NSP NSP NSP SP NSP NSP NSP NSP NSP NSP NSP NSP
அன்புநம்பிக்கை,அன்பு + நம்பிக்கை, NSP NSP NSP NSP NSP NSP SP NSP NSP NSP NSP NSP NSP NSP NSP NSP NSP
அறிவுச்செயல்பாடு,அறிவு + செயல்பாடு, NSP NSP NSP NSP NSP NSP SP NSP NSP NSP NSP NSP NSP NSP NSP NSP NSP
அன்புஆற்றல்,அன்பு + ஆற்றல், NSP NSP NSP NSP NSP NSP SP NSP NSP NSP NSP NSP NSP NSP
அறிவுகாட்சி,அறிவு + காட்சி, NSP NSP NSP NSP NSP NSP SP NSP NSP NSP NSP NSP NSP NSP
அன்புன்னுதல்,அன்பு + உன்னுதல், NSP NSP NSP NSP NSP NSP SP NSP NSP NSP NSP NSP NSP NSP NSP NSP
அன்புத்தோழமை,அன்பு + தோழமை, NSP NSP NSP NSP NSP NSP SP NSP NSP NSP NSP NSP NSP
அறிவுத்துறை,அறிவு + துறை, NSP NSP NSP NSP NSP NSP SP NSP NSP NSP NSP NSP
அன்புஒழுக்கம்,அன்பு + ஒழுக்கம், NSP NSP NSP NSP NSP NSP SP NSP NSP NSP NSP NSP NSP NSP NSP NSP
அறிவுப்பொறுப்பு,அறிவு + பொறுப்பு, NSP NSP NSP NSP NSP NSP SP NSP NSP NSP NSP NSP NSP NSP NSP NSP
அன்புசமூகநிலை,அன்பு + சமூகநிலை, NSP NSP NSP NSP NSP NSP SP NSP NSP NSP NSP NSP NSP NSP NSP NSP
அறிவுமனம்,அறிவு + மனம், NSP NSP NSP NSP NSP NSP SP NSP NSP NSP NSP NSP
அன்புப்பொது,அன்பு + பொது, NSP NSP NSP NSP NSP NSP SP NSP NSP NSP NSP NSP
அறிவுவடிவம்,அறிவு + வடிவம், NSP NSP NSP NSP NSP NSP SP NSP NSP NSP NSP NSP NSP NSP
அன்புவிளக்கு,அன்பு + விளக்கு, NSP NSP NSP NSP NSP NSP SP NSP NSP NSP NSP NSP NSP NSP NSP
அறிவுநீதி,அறிவு + நீதி, NSP NSP NSP NSP NSP NSP SP NSP NSP NSP NSP NSP
அன்புஈடு,அன்பு + ஈடு, NSP NSP NSP NSP NSP NSP SP NSP NSP NSP NSP
அறிவுப்புதுமை,அறிவு + புதுமை, NSP NSP NSP NSP NSP NSP SP NSP NSP NSP NSP NSP NSP NSP
அன்புமேம்பாடு,அன்பு + மேம்பாடு, NSP NSP NSP NSP NSP NSP SP NSP NSP NSP NSP NSP NSP NSP NSP NSP
அறிவுப்பண்பாடு,அறிவு + பண்பாடு, NSP NSP NSP NSP NSP NSP SP NSP NSP NSP NSP NSP NSP NSP NSP
அன்புசாதனை,அன்பு + சாதனை, NSP NSP NSP NSP NSP NSP SP NSP NSP NSP NSP NSP NSP
அறிவுப்பணி,அறிவு + பணி, NSP NSP NSP NSP NSP NSP SP NSP NSP NSP NSP
அன்புசெயல்கள்,அன்பு + செயல்கள், NSP NSP NSP NSP NSP NSP SP NSP NSP NSP NSP NSP NSP NSP NSP NSP
அறிவுஉயர்வு,அறிவு + உயர்வு, NSP NSP NSP NSP NSP NSP SP NSP NSP NSP NSP NSP NSP NSP
அன்புஒழுங்கு,அன்பு + ஒழுங்கு, NSP NSP NSP NSP NSP NSP SP NSP NSP NSP NSP NSP NSP NSP NSP
அறிவுத்தொழில்நுட்பம்,அறிவு + தொழில்நுட்பம், NSP NSP NSP NSP NSP NSP SP NSP NSP NSP NSP NSP NSP NSP NSP NSP NSP NSP NSP NSP NSP
அன்புக்கருத்து,அன்பு + கருத்து, NSP NSP NSP NSP NSP NSP SP NSP NSP NSP NSP NSP NSP NSP NSP
அறிவுலகம்,அறிவு + உலகம், NSP NSP NSP NSP NSP NSP SP NSP NSP NSP NSP NSP NSP
அறிவுமுன்னேற்றம்,அறிவு + முன்னேற்றம், NSP NSP NSP NSP NSP NSP SP NSP NSP NSP NSP NSP NSP NSP NSP NSP NSP NSP NSP
அன்புவாழ்வு,அன்பு + வாழ்வு, NSP NSP NSP NSP NSP NSP SP NSP NSP NSP NSP NSP NSP NSP
அன்புமறுப்பு,அன்பு + மறுப்பு, NSP NSP NSP NSP NSP NSP SP NSP NSP NSP NSP NSP NSP NSP NSP
அன்புசிறப்பு,அன்பு + சிறப்பு, NSP NSP NSP NSP NSP NSP SP NSP NSP NSP NSP NSP NSP NSP NSP
அறிவுமதிப்பு,அறிவு + மதிப்பு, NSP NSP NSP NSP NSP NSP SP NSP NSP NSP NSP NSP NSP NSP NSP
அன்புஅறிவுரை,அன்பு + அறிவுரை, NSP NSP NSP NSP NSP NSP SP NSP NSP NSP NSP NSP NSP NSP NSP
அறிவுஆக்கம்,அறிவு + ஆக்கம், NSP NSP NSP NSP NSP NSP SP NSP NSP NSP NSP NSP NSP NSP
அறிவுத்தரம்,அறிவு + தரம், NSP NSP NSP NSP NSP NSP SP NSP NSP NSP NSP NSP
அன்புஅமைதி,அன்பு + அமைதி, NSP NSP NSP NSP NSP NSP SP NSP NSP NSP NSP NSP NSP
அறிவுமாற்றம்,அறிவு + மாற்றம், NSP NSP NSP NSP NSP NSP SP NSP NSP NSP NSP NSP NSP NSP NSP
அன்புச்செயல்,அன்பு + செயல், NSP NSP NSP NSP NSP NSP SP NSP NSP NSP NSP NSP NSP
அன்புக்கொடை,அன்பு + கொடை, NSP NSP NSP NSP NSP NSP SP NSP NSP NSP NSP NSP
அறிவுக்கற்பனை,அறிவு + கற்பனை, NSP NSP NSP NSP NSP NSP SP NSP NSP NSP NSP NSP NSP NSP
அறிவுநிலை,அறிவு + நிலை, NSP NSP NSP NSP NSP NSP SP NSP NSP NSP NSP NSP
அறிவுத்தோன்றல்,அறிவு + தோன்றல், NSP NSP NSP NSP NSP NSP SP NSP NSP NSP NSP NSP NSP NSP NSP
அன்புள்ளம்,அன்பு + உள்ளம், NSP NSP NSP NSP NSP NSP SP NSP NSP NSP NSP NSP NSP NSP
அறிவுச்செயலி,அறிவு + செயலி, NSP NSP NSP NSP NSP NSP SP NSP NSP NSP NSP NSP NSP
அன்புஉயர்வு,அன்பு + உயர்வு, NSP NSP NSP NSP NSP NSP SP NSP NSP NSP NSP NSP NSP NSP
அறிவுத்திட்டம்,அறிவு + திட்டம், NSP NSP NSP NSP NSP NSP SP NSP NSP NSP NSP NSP NSP NSP NSP
அன்புப்பண்பு,அன்பு + பண்பு, NSP NSP NSP NSP NSP NSP SP NSP NSP NSP NSP NSP NSP
அறிவுப்பயணம்,அறிவு + பயணம், NSP NSP NSP NSP NSP NSP SP NSP NSP NSP NSP NSP NSP
அன்புப்பழக்கம்,அன்பு + பழக்கம், NSP NSP NSP NSP NSP NSP SP NSP NSP NSP NSP NSP NSP NSP NSP
அன்புபகுதி,அன்பு + பகுதி, NSP NSP NSP NSP NSP NSP SP NSP NSP NSP NSP NSP NSP
அறிவுஅமைப்பு,அறிவு + அமைப்பு, NSP NSP NSP NSP NSP NSP SP NSP NSP NSP NSP NSP NSP NSP NSP
அன்புமொழி,அன்பு + மொழி, NSP NSP NSP NSP NSP NSP SP NSP NSP NSP NSP NSP
அறிவுப்பழுது,அறிவு + பழுது, NSP NSP NSP NSP NSP NSP SP NSP NSP NSP NSP NSP NSP
அன்புசாதனைகள்,அன்பு + சாதனைகள், NSP NSP NSP NSP NSP NSP SP NSP NSP NSP NSP NSP NSP NSP NSP NSP
அறிவுநிலைமை,அறிவு + நிலைமை, NSP NSP NSP NSP NSP NSP SP NSP NSP NSP NSP NSP NSP NSP
அன்புசெயல்பாடு,அன்பு + செயல்பாடு, NSP NSP NSP NSP NSP NSP SP NSP NSP NSP NSP NSP NSP NSP NSP NSP NSP
அறிவுவழிகாட்டல்,அறிவு + வழிகாட்டல், NSP NSP NSP NSP NSP NSP SP NSP NSP NSP NSP NSP NSP NSP NSP NSP NSP NSP
அறிவுப்பரிமாற்றம்,அறிவு + பரிமாற்றம், NSP NSP NSP NSP NSP NSP SP NSP NSP NSP NSP NSP NSP NSP NSP NSP NSP NSP
அறிவுமேம்பாடு,அறிவு + மேம்பாடு, NSP NSP NSP NSP NSP NSP SP NSP NSP NSP NSP NSP NSP NSP NSP NSP
அறிவுக்கண்டுபிடிப்பு,அறிவு + கண்டுபிடிப்பு, NSP NSP NSP NSP NSP NSP SP NSP NSP NSP NSP NSP NSP NSP NSP NSP NSP NSP NSP NSP NSP
அன்புசெயலாற்றல்,அன்பு + செயலாற்றல், NSP NSP NSP NSP NSP NSP SP NSP NSP NSP NSP NSP NSP NSP NSP NSP NSP NSP
அறிவுக்கருத்து,அறிவு + கருத்து, NSP NSP NSP NSP NSP NSP SP NSP NSP NSP NSP NSP NSP NSP NSP
அன்புபாராட்டு,அன்பு + பாராட்டு, NSP NSP NSP NSP NSP NSP SP NSP NSP NSP NSP NSP NSP NSP NSP NSP
அறிவுத்திட்டமிடல்,அறிவு + திட்டமிடல், NSP NSP NSP NSP NSP NSP SP NSP NSP NSP NSP NSP NSP NSP NSP NSP NSP NSP
அன்புத்தொழில்,அன்பு + தொழில், NSP NSP NSP NSP NSP NSP SP NSP NSP NSP NSP NSP NSP NSP
அறிவுத்தெளிவு,அறிவு + தெளிவு, NSP NSP NSP NSP NSP NSP SP NSP NSP NSP NSP NSP NSP NSP
அன்புஉபயோகமாக,அன்பு + உபயோகமாக, NSP NSP NSP NSP NSP NSP SP NSP NSP NSP NSP NSP NSP NSP NSP NSP
அறிவுபயன்பாடு,அறிவு + பயன்பாடு, NSP NSP NSP NSP NSP NSP SP NSP NSP NSP NSP NSP NSP NSP NSP NSP
அன்புத்தொடர்,அன்பு + தொடர், NSP NSP NSP NSP NSP NSP SP NSP NSP NSP NSP NSP NSP
அன்புக்காப்பு,அன்பு + காப்பு, NSP NSP NSP NSP NSP NSP SP NSP NSP NSP NSP NSP NSP NSP
அறிவுநேர்மை,அறிவு + நேர்மை, NSP NSP NSP NSP NSP NSP SP NSP NSP NSP NSP NSP NSP NSP
அறிவுப்புனிதம்,அறிவு + புனிதம், NSP NSP NSP NSP NSP NSP SP NSP NSP NSP NSP NSP NSP NSP NSP
அன்புப்பயிற்சி,அன்பு + பயிற்சி, NSP NSP NSP NSP NSP NSP SP NSP NSP NSP NSP NSP NSP NSP NSP
அன்பெதிர்ப்பு,அன்பு + எதிர்ப்பு, NSP NSP NSP NSP NSP NSP SP NSP NSP NSP NSP NSP NSP NSP NSP NSP NSP
அன்புப்பரிவு,அன்பு + பரிவு, NSP NSP NSP NSP NSP NSP SP NSP NSP NSP NSP NSP NSP
அன்புவழக்கங்கள்,அன்பு + வழக்கங்கள், NSP NSP NSP NSP NSP NSP SP NSP NSP NSP NSP NSP NSP NSP NSP NSP NSP NSP
அறிவுப்பணிகள்,அறிவு + பணிகள், NSP NSP NSP NSP NSP NSP SP NSP NSP NSP NSP NSP NSP NSP
அன்புஉறவுகள்,அன்பு + உறவுகள், NSP NSP NSP NSP NSP NSP SP NSP NSP NSP NSP NSP NSP NSP NSP
அறிவுவிளம்பரம்,அறிவு + விளம்பரம், NSP NSP NSP NSP NSP NSP SP NSP NSP NSP NSP NSP NSP NSP NSP NSP NSP
அறிவுமனநிலை,அறிவு + மனநிலை, NSP NSP NSP NSP NSP NSP SP NSP NSP NSP NSP NSP NSP NSP
அன்புத்தேர்ச்சி,அன்பு + தேர்ச்சி, NSP NSP NSP NSP NSP NSP SP NSP NSP NSP NSP NSP NSP NSP NSP NSP
அறிவுப்பொதுமை,அறிவு + பொதுமை, NSP NSP NSP NSP NSP NSP SP NSP NSP NSP NSP NSP NSP NSP
அன்புஅர்த்தம்,அன்பு + அர்த்தம், NSP NSP NSP NSP NSP NSP SP NSP NSP NSP NSP NSP NSP NSP NSP NSP
அறிவுச்சிந்தனை,அறிவு + சிந்தனை, NSP NSP NSP NSP NSP NSP SP NSP NSP NSP NSP NSP NSP NSP NSP
அன்புத்தத்துவம்,அன்பு + தத்துவம், NSP NSP NSP NSP NSP NSP SP NSP NSP NSP NSP NSP NSP NSP NSP NSP
அன்புமூலாதாரம்,அன்பு + மூலாதாரம், NSP NSP NSP NSP NSP NSP SP NSP NSP NSP NSP NSP NSP NSP NSP NSP NSP
அறிவுநிலைப்பாடு,அறிவு + நிலைப்பாடு, NSP NSP NSP NSP NSP NSP SP NSP NSP NSP NSP NSP NSP NSP NSP NSP NSP NSP
அன்புவிதி,அன்பு + விதி, NSP NSP NSP NSP NSP NSP SP NSP NSP NSP NSP NSP
அறிவுஊடகம்,அறிவு + ஊடகம், NSP NSP NSP NSP NSP NSP SP NSP NSP NSP NSP NSP NSP
அன்புஅடக்கம்,அன்பு + அடக்கம், NSP NSP NSP NSP NSP NSP SP NSP NSP NSP NSP NSP NSP NSP NSP
அறிவுஒழுங்கமைப்பு,அறிவு + ஒழுங்கமைப்பு, NSP NSP NSP NSP NSP NSP SP NSP NSP NSP NSP NSP NSP NSP NSP NSP NSP NSP NSP NSP
அறிவுப்பொருத்தம்,அறிவு + பொருத்தம், NSP NSP NSP NSP NSP NSP SP NSP NSP NSP NSP NSP NSP NSP NSP NSP NSP
அன்புநறுமணம்,அன்பு + நறுமணம், NSP NSP NSP NSP NSP NSP SP NSP NSP NSP NSP NSP NSP NSP NSP
அறிவுபயன்முறை,அறிவு + பயன்முறை, NSP NSP NSP NSP NSP NSP SP NSP NSP NSP NSP NSP NSP NSP NSP NSP
அன்புக்கண்டனம்,அன்பு + கண்டனம், NSP NSP NSP NSP NSP NSP SP NSP NSP NSP NSP NSP NSP NSP NSP
அறிவுத்தேர்ச்சிகள்,அறிவு + தேர்ச்சிகள், NSP NSP NSP NSP NSP NSP SP NSP NSP NSP NSP NSP NSP NSP NSP NSP NSP NSP NSP
அன்புப்பொறுப்பு,அன்பு + பொறுப்பு, NSP NSP NSP NSP NSP NSP SP NSP NSP NSP NSP NSP NSP NSP NSP NSP
அறிவுஅன்பு,அறிவு + அன்பு, NSP NSP NSP NSP NSP NSP SP NSP NSP NSP NSP NSP NSP
அன்புநன்மை,அன்பு + நன்மை, NSP NSP NSP NSP NSP NSP SP NSP NSP NSP NSP NSP NSP
அறிவுஊக்கமாக,அறிவு + ஊக்கமாக, NSP NSP NSP NSP NSP NSP SP NSP NSP NSP NSP NSP NSP NSP NSP
அன்புவளர்ப்பு,அன்பு + வளர்ப்பு, NSP NSP NSP NSP NSP NSP SP NSP NSP NSP NSP NSP NSP NSP NSP NSP
அறிவுவெற்றிகரமான,அறிவு + வெற்றிகரமான, NSP NSP NSP NSP NSP NSP SP NSP NSP NSP NSP NSP NSP NSP NSP NSP NSP NSP NSP
அன்புத்தொழில்முறை,அன்பு + தொழில்முறை, NSP NSP NSP NSP NSP NSP SP NSP NSP NSP NSP NSP NSP NSP NSP NSP NSP NSP
அறிவுத்தன்னம்பிக்கை,அறிவு + தன்னம்பிக்கை, NSP NSP NSP NSP NSP NSP SP NSP NSP NSP NSP NSP NSP NSP NSP NSP NSP NSP NSP NSP
அறிவுமனிதம்,அறிவு + மனிதம், NSP NSP NSP NSP NSP NSP SP NSP NSP NSP NSP NSP NSP NSP
அறிவுஆற்றல்,அறிவு + ஆற்றல், NSP NSP NSP NSP NSP NSP SP NSP NSP NSP NSP NSP NSP NSP
அன்புமனசாட்சி,அன்பு + மனசாட்சி, NSP NSP NSP NSP NSP NSP SP NSP NSP NSP NSP NSP NSP NSP NSP NSP
அறிவுக்கூட்டு,அறிவு + கூட்டு, NSP NSP NSP NSP NSP NSP SP NSP NSP NSP NSP NSP NSP NSP
புலம்பயிற்சி,புலம் + பயிற்சி, NSP NSP NSP NSP NSP NSP SP NSP NSP NSP NSP NSP NSP NSP NSP
சினமாவல்,சினம் + ஆவல், NSP NSP NSP NSP NSP NSP SP NSP NSP NSP NSP NSP
பகலுறக்கம்,பகல் + உறக்கம், NSP NSP NSP NSP NSP SP NSP NSP NSP NSP NSP NSP NSP NSP
கடலலை,கடல் + அலை, NSP NSP NSP NSP NSP SP NSP NSP NSP NSP
மலர்தூவி,மலர் + தூவி, NSP NSP NSP NSP NSP SP NSP NSP NSP NSP NSP
வயல்நீர்,வயல் + நீர், NSP NSP NSP NSP NSP SP NSP NSP NSP NSP NSP
விதைய,விதை + உற்பத்தி, NSP NSP NSP NSP NSP SP NSP NSP NSP NSP NSP NSP NSP NSP NSP
அவனணி,அவன் + அணை, NSP NSP NSP NSP NSP SP NSP NSP NSP NSP
அளவுவகை,அளவு + வகை, NSP NSP NSP NSP NSP SP NSP NSP NSP NSP
மழைக்காலம்,மழை + காலம், NSP NSP NSP NSP SP NSP NSP NSP NSP NSP NSP
வீடுசுவை,வீடு + சுவை, NSP NSP NSP NSP NSP SP NSP NSP NSP NSP NSP
செயல் அளவு,செயல் + அளவு, NSP NSP NSP NSP NSP NSP SP NSP NSP NSP NSP NSP
பற்புறிப்பு,பல் + குறிப்பு, NSP NSP NSP NSP SP NSP NSP NSP NSP NSP NSP NSP NSP NSP
கல்லுறுளை,கல் + உருளை, NSP NSP NSP NSP SP NSP NSP NSP NSP NSP NSP
மிதினிலை,மிதி + நிலை, NSP NSP NSP NSP NSP SP NSP NSP NSP NSP NSP
படத்தோற்றம்,படம் + தோற்றம், NSP NSP NSP NSP NSP SP NSP NSP NSP NSP NSP NSP NSP NSP
சுருள்பிணை,சுருள் + பிணை, NSP NSP NSP NSP NSP NSP NSP SP NSP NSP NSP NSP NSP
உயிர்வாழ்வு,உயிர் + வாழ்வு, NSP NSP NSP NSP NSP NSP SP NSP NSP NSP NSP NSP NSP NSP
உலகக்காட்சி,உலகம் + காட்சி, NSP NSP NSP NSP NSP NSP SP NSP NSP NSP NSP NSP NSP NSP
காயஅளவு,காயம் + அளவு, NSP NSP NSP NSP NSP NSP SP NSP NSP NSP NSP NSP
சூரியன் ஒளி,சூரியன் + ஒளி, NSP NSP NSP NSP NSP NSP NSP NSP SP NSP NSP NSP NSP
கலக்கம்பிரிவு,கலக்கம் + பிரிவு, NSP NSP NSP NSP NSP NSP NSP NSP SP NSP NSP NSP NSP NSP NSP NSP
உலகம்பாதை,உலகம் + பாதை, NSP NSP NSP NSP NSP NSP SP NSP NSP NSP NSP NSP
காற்றுவாசனை,காற்று + வாசனை, NSP NSP NSP NSP NSP NSP NSP SP NSP NSP NSP NSP NSP NSP
தண்ணீர்வாழ்,தண்ணீர் + வாழ், NSP NSP NSP NSP NSP NSP NSP NSP SP NSP NSP NSP NSP NSP
முதற்படி,முதல் + படி, NSP NSP NSP NSP NSP NSP SP NSP NSP NSP NSP
தாலபுகை,தலா + புகை, NSP NSP NSP NSP SP NSP NSP NSP NSP NSP
படையுத்தி,படை + உத்தி, NSP NSP NSP NSP SP NSP NSP NSP NSP NSP NSP
அக்னியொளி,அக்னி + ஒளி, NSP NSP NSP NSP NSP NSP SP NSP NSP NSP NSP
பொதுவாகஅறிகுறி,பொதுவாக + அறிகுறி, NSP NSP NSP NSP NSP NSP NSP NSP SP NSP NSP NSP NSP NSP NSP NSP NSP
கல்வியமைப்பு,கல்வி + அமைப்பு, NSP NSP NSP NSP NSP NSP SP NSP NSP NSP NSP NSP NSP NSP NSP
அன்புப்பற்று,அன்பு + பற்று, NSP NSP NSP NSP NSP NSP SP NSP NSP NSP NSP NSP NSP
சொல்லம்கூறு,சொல்லம் + கூறு, NSP NSP NSP NSP NSP NSP NSP NSP SP NSP NSP NSP NSP NSP
காணல்கலை,காணல் + கலை, NSP NSP NSP NSP NSP NSP SP NSP NSP NSP NSP
சுகம் வலியுறுத்தல்,சுகம் + வலியுறுத்தல், NSP NSP NSP NSP NSP NSP SP NSP NSP NSP NSP NSP NSP NSP NSP NSP NSP NSP NSP NSP
விதி ஆணை,விதி + ஆணை, NSP NSP NSP NSP NSP SP NSP NSP NSP NSP
செயல் சிதைவு,செயல் + சிதைவு, NSP NSP NSP NSP NSP NSP SP NSP NSP NSP NSP NSP NSP NSP
கொள்கை முன்னேற்றம்,கொள்கை + முன்னேற்றம், NSP NSP NSP NSP NSP NSP NSP SP NSP NSP NSP NSP NSP NSP NSP NSP NSP NSP NSP NSP
பட்டியல் கட்டமைப்பு,பட்டியல் + கட்டமைப்பு, NSP NSP NSP NSP NSP NSP NSP NSP NSP SP NSP NSP NSP NSP NSP NSP NSP NSP NSP NSP NSP
உறுதி நிலை,உறுதி + நிலை, NSP NSP NSP NSP NSP NSP SP NSP NSP NSP NSP NSP
உலகளாவிய பொருளாதாரம்,உலகளாவிய + பொருளாதாரம், NSP NSP NSP NSP NSP NSP NSP NSP NSP SP NSP NSP NSP NSP NSP NSP NSP NSP NSP NSP NSP NSP
நகரம் குழாய்,நகரம் + குழாய், NSP NSP NSP NSP NSP NSP SP NSP NSP NSP NSP NSP NSP NSP
சுடலநீர்,சுடலை + நீர், NSP NSP NSP NSP NSP NSP SP NSP NSP NSP NSP NSP
விழிப்பார்வை,விழி + பார்வை, NSP NSP NSP NSP NSP SP NSP NSP NSP NSP NSP NSP NSP
சிங்கங்குளோசு,சிங்கம் + குளோசு, NSP NSP NSP NSP NSP NSP NSP NSP SP NSP NSP NSP NSP NSP NSP NSP
அழகுக்காட்டி,அழகு + காட்டி, NSP NSP NSP NSP NSP SP NSP NSP NSP NSP NSP NSP NSP
அமைப்புமுறை,அமைப்பு + முறை, NSP NSP NSP NSP NSP NSP NSP NSP SP NSP NSP NSP NSP NSP
நிலக்கணிப்பு,நிலம் + கணிப்பு, NSP NSP NSP NSP NSP NSP SP NSP NSP NSP NSP NSP NSP NSP NSP
படிமம்தொகுப்பு,படிமம் + தொகுப்பு, NSP NSP NSP NSP NSP NSP NSP SP NSP NSP NSP NSP NSP NSP NSP NSP NSP
சொல்லமைப்பு,சொல் + அமைப்பு, NSP NSP NSP NSP NSP SP NSP NSP NSP NSP NSP NSP NSP NSP
நோக்கம்குடிவு,நோக்கம் + முடிவு, NSP NSP NSP NSP NSP NSP NSP NSP SP NSP NSP NSP NSP NSP NSP NSP
பார்வை நேரம்,பார்வை + நேரம், NSP NSP NSP NSP NSP NSP NSP SP NSP NSP NSP NSP NSP NSP
ஊராட்சி பயிற்சி,ஊராட்சி + பயிற்சி, NSP NSP NSP NSP NSP NSP NSP NSP SP NSP NSP NSP NSP NSP NSP NSP NSP
சுதந்திரம் கொள்கை,சுதந்திரம் + கொள்கை, NSP NSP NSP NSP NSP NSP NSP NSP NSP NSP NSP SP NSP NSP NSP NSP NSP NSP NSP
பாடம்சேர்ந்த,பாடம் + பெற்று, NSP NSP NSP NSP NSP NSP SP NSP NSP NSP NSP NSP NSP NSP
நெரிசல்பிழை,நெரிசல் + பிழை, NSP NSP NSP NSP NSP NSP NSP NSP SP NSP NSP NSP NSP NSP
பண்புமுன்னேற்றம்,பண்பு + முன்னேற்றம், NSP NSP NSP NSP NSP NSP SP NSP NSP NSP NSP NSP NSP NSP NSP NSP NSP NSP NSP
செய்தியுரை,செய்தி + உரை, NSP NSP NSP NSP NSP NSP NSP SP NSP NSP NSP NSP
பிரதியஞ்சல்,பிரதி + அஞ்சல், NSP NSP NSP NSP NSP NSP SP NSP NSP NSP NSP NSP NSP NSP
பட்டம்வரிசை,பட்டம் + உற்பத்தி, NSP NSP NSP NSP NSP NSP NSP SP NSP NSP NSP NSP NSP NSP NSP NSP NSP
சூழல்குறிப்பு,சூழல் + குறிப்பு, NSP NSP NSP NSP NSP NSP SP NSP NSP NSP NSP NSP NSP NSP NSP NSP
உதவிமுனைவர்,உதவி + முனைவர், NSP NSP NSP NSP NSP SP NSP NSP NSP NSP NSP NSP NSP NSP
அண்டைப்பகுதி,அண்டை + பகுதி, NSP NSP NSP NSP NSP NSP SP NSP NSP NSP NSP NSP NSP
புலத்திட்டம்,புலம் + திட்டம், NSP NSP NSP NSP NSP NSP SP NSP NSP NSP NSP NSP NSP NSP NSP
நோக்குநிலை,நோக்கு + நிலை, NSP NSP NSP NSP NSP NSP NSP SP NSP NSP NSP NSP NSP
முகஅழகு,முகம் + அழகு, NSP NSP NSP NSP NSP NSP SP NSP NSP NSP NSP NSP
ஒப்புதல்சிகிச்சை,ஒப்புதல் + சிகிச்சை, NSP NSP NSP NSP NSP NSP NSP NSP NSP SP NSP NSP NSP NSP NSP NSP NSP NSP NSP
உதிரிபலம்,உதிரி + பலம், NSP NSP NSP NSP NSP NSP SP NSP NSP NSP NSP NSP
காட்சிமுனைவு,காட்சி + முனைவு, NSP NSP NSP NSP NSP NSP NSP SP NSP NSP NSP NSP NSP NSP NSP
பரிமாணவிசாரணை,பரிமாணம் + விசாரணை, NSP NSP NSP NSP NSP NSP NSP NSP NSP SP NSP NSP NSP NSP NSP NSP NSP NSP
இயந்திரபட்டம்,இயந்திரம் + பட்டம், NSP NSP NSP NSP NSP NSP NSP NSP NSP NSP SP NSP NSP NSP NSP NSP NSP NSP
கோபம் நிறைவு,கோபம் + நிறைவு, NSP NSP NSP NSP NSP NSP SP NSP NSP NSP NSP NSP NSP NSP
நேரடியுத்தரவாதம்,நேரடி + உத்தரவாதம், NSP NSP NSP NSP NSP NSP SP NSP NSP NSP NSP NSP NSP NSP NSP NSP NSP NSP
தோற்றவளர்ச்சி,தோற்றம் + வளர்ச்சி, NSP NSP NSP NSP NSP NSP NSP NSP SP NSP NSP NSP NSP NSP NSP NSP NSP NSP
வணிகம்பட்டியல்,வணிகம் + பட்டியல், NSP NSP NSP NSP NSP NSP NSP SP NSP NSP NSP NSP NSP NSP NSP NSP NSP
நிலைத்திறன்,நிலை + பெற்று, NSP NSP NSP NSP NSP SP NSP NSP NSP NSP NSP NSP NSP
பக்கம்கவனம்,பக்கம் + கவனம், NSP NSP NSP NSP NSP NSP NSP SP NSP NSP NSP NSP NSP NSP
படிகணிப்பு,படி + கணிப்பு, NSP NSP NSP NSP SP NSP NSP NSP NSP NSP NSP NSP NSP
ஊர்முகவரி,ஊர் + முகவரி, NSP NSP NSP NSP SP NSP NSP NSP NSP NSP NSP NSP
சந்தியுத்தி,சந்தி + உத்தி, NSP NSP NSP NSP NSP NSP SP NSP NSP NSP NSP NSP NSP
குற்றமிரசாயனம்,குற்றம் + இரசாயனம், NSP NSP NSP NSP NSP NSP NSP NSP SP NSP NSP NSP NSP NSP NSP NSP NSP NSP
தாவரங்காடு,தாவரம் + காடு, NSP NSP NSP NSP NSP NSP NSP SP NSP NSP NSP NSP NSP
பொதிபரிசு,பொதி + பரிசு, NSP NSP NSP NSP NSP SP NSP NSP NSP NSP NSP NSP
நிலவிளக்கம்,நிலம் + விளக்கம், NSP NSP NSP NSP NSP NSP SP NSP NSP NSP NSP NSP NSP NSP NSP NSP
அணுகல்பரிமாற்றம்,அணுகல் + பரிமாற்றம், NSP NSP NSP NSP NSP NSP NSP SP NSP NSP NSP NSP NSP NSP NSP NSP NSP NSP NSP
வசதிஅமைப்பு,வசதி + அமைப்பு, NSP NSP NSP NSP NSP SP NSP NSP NSP NSP NSP NSP NSP NSP
சமயநிலை,சமயம் + நிலை, NSP NSP NSP NSP NSP NSP SP NSP NSP NSP NSP NSP
சிகப்புவிளக்கன்,சிகப்பு + விளக்கன், NSP NSP NSP NSP NSP NSP NSP NSP SP NSP NSP NSP NSP NSP NSP NSP NSP NSP
கடலாலய,கடல் + அலை, NSP NSP NSP NSP NSP SP NSP NSP NSP NSP
பச்சைமலை,பச்சை + மலை, NSP NSP NSP NSP NSP NSP SP NSP NSP NSP NSP
பனிக்காடுவனம்,பனிக்காடு + வனம், NSP NSP NSP NSP NSP NSP NSP NSP NSP NSP SP NSP NSP NSP NSP NSP
பூமந்தி,பூ + மந்தி, NSP NSP NSP SP NSP NSP NSP NSP NSP NSP
மண்வாசனை,மண் + வாசனை, NSP NSP NSP NSP SP NSP NSP NSP NSP NSP NSP
கதிரொளி,கதிர் + ஒளி, NSP NSP NSP NSP NSP NSP SP NSP NSP NSP NSP
மழைப்பாடல்,மழை + பாடல், NSP NSP NSP NSP SP NSP NSP NSP NSP NSP NSP
செம்மணல்கடல்,செம்மணல் + கடல், NSP NSP NSP NSP NSP NSP NSP NSP NSP SP NSP NSP NSP NSP NSP
நிலவேளாண்மை,நிலம் + வேளாண்மை, NSP NSP NSP NSP NSP NSP SP NSP NSP NSP NSP NSP NSP NSP NSP NSP
வெள்ளிவிளக்கம்,வெள்ளி + விளக்கம், NSP NSP NSP NSP NSP NSP NSP SP NSP NSP NSP NSP NSP NSP NSP NSP NSP
அரும்புமலர்,அரும்பு + மலர், NSP NSP NSP NSP NSP NSP NSP NSP SP NSP NSP NSP NSP NSP
குரலொலி,குரல் + ஒலி, NSP NSP NSP NSP NSP NSP SP NSP NSP NSP NSP
மலையோடம்,மலை + ஓடம், NSP NSP NSP NSP SP NSP NSP NSP NSP NSP
சூரியொளி,சூரியன் + ஒளி, NSP NSP NSP NSP NSP NSP NSP NSP SP NSP NSP NSP NSP
மரக்கொடி,மரம் + கொடி, NSP NSP NSP NSP NSP SP NSP NSP NSP NSP NSP
தோட்டம்பூ,தோட்டம் + பூ, NSP NSP NSP NSP NSP NSP NSP NSP SP NSP NSP NSP
கடல்வானம்,கடல் + வானம், NSP NSP NSP NSP NSP SP NSP NSP NSP NSP NSP NSP
செம்புப்பாத்திரம்,செம்பு + பாத்திரம், NSP NSP NSP NSP NSP NSP NSP SP NSP NSP NSP NSP NSP NSP NSP NSP NSP NSP
மழைமண்,மழை + மண், NSP NSP NSP NSP SP NSP NSP NSP NSP
முத்துக்கதிர்,முத்து + கதிர், NSP NSP NSP NSP NSP NSP NSP SP NSP NSP NSP NSP NSP NSP
நீர்வளம்சேமிப்பு,நீர்வளம் + சேமிப்பு, NSP NSP NSP NSP NSP NSP NSP NSP NSP SP NSP NSP NSP NSP NSP NSP NSP NSP NSP
செழிப்புநிலம்,செழிப்பு + நிலம், NSP NSP NSP NSP NSP NSP NSP NSP NSP SP NSP NSP NSP NSP NSP NSP
பூமணம்,பூ + மணம், NSP NSP NSP SP NSP NSP NSP NSP NSP
சூரியனகம்,சூரியன் + அகம், NSP NSP NSP NSP NSP NSP NSP NSP SP NSP NSP NSP NSP NSP
பனிக்குளம்,பனி + குளம், NSP NSP NSP NSP SP NSP NSP NSP NSP NSP NSP
வனவழி,வனம் + வழி, NSP NSP NSP NSP NSP SP NSP NSP NSP NSP
புலிக்காடு,புலி + காடு, NSP NSP NSP NSP NSP SP NSP NSP NSP NSP NSP
மழைமரம்,மழை + மரம், NSP NSP NSP NSP SP NSP NSP NSP NSP NSP
பொன்னோடம்,பொன் + ஓடம், NSP NSP NSP NSP NSP SP NSP NSP NSP NSP NSP
பழவிற்றல்,பழம் + விற்றல், NSP NSP NSP NSP NSP SP NSP NSP NSP NSP NSP NSP NSP NSP
பொன்மொட்டை,பொன் + மொட்டை, NSP NSP NSP NSP NSP SP NSP NSP NSP NSP NSP NSP NSP
கல்ல்கோவில்,கல் + கோவில், NSP NSP NSP NSP SP NSP NSP NSP NSP NSP NSP NSP
வண்டிப்பாதை,வண்டி + பாதை, NSP NSP NSP NSP NSP NSP SP NSP NSP NSP NSP NSP
கதிர்நிலா,கதிர் + நிலா, NSP NSP NSP NSP NSP NSP SP NSP NSP NSP NSP NSP
பூமழை,பூ + மழை, NSP NSP NSP SP NSP NSP NSP NSP
வெண்ணிறந்தகடு,வெண்ணிறம் + தகடு, NSP NSP NSP NSP NSP NSP NSP NSP NSP NSP SP NSP NSP NSP NSP NSP
செம்புசுவர்,செம்பு + சுவர், NSP NSP NSP NSP NSP NSP NSP SP NSP NSP NSP NSP NSP NSP
மணல்திரை,மணல் + திரை, NSP NSP NSP NSP NSP SP NSP NSP NSP NSP NSP
கதிர்விளக்கு,கதிர் + விளக்கு, NSP NSP NSP NSP NSP NSP SP NSP NSP NSP NSP NSP NSP NSP NSP
புயல்மழை,புயல் + மழை, NSP NSP NSP NSP NSP NSP SP NSP NSP NSP NSP
மலர்மாலை,மலர் + மாலை, NSP NSP NSP NSP NSP SP NSP NSP NSP NSP NSP
பனிவானம்,பனி + வானம், NSP NSP NSP NSP SP NSP NSP NSP NSP NSP NSP
மலைக்கிணறு,மலை + கிணறு, NSP NSP NSP NSP SP NSP NSP NSP NSP NSP NSP
கதிர்கலை,கதிர் + கலை, NSP NSP NSP NSP NSP NSP SP NSP NSP NSP NSP
கடலோய்வு,கடல் + ஓய்வு, NSP NSP NSP NSP NSP SP NSP NSP NSP NSP NSP NSP
வெள்ளித்தட்டு,வெள்ளி + தட்டு, NSP NSP NSP NSP NSP NSP NSP SP NSP NSP NSP NSP NSP NSP
பூத்தாமரை,பூ + தாமரை, NSP NSP NSP SP NSP NSP NSP NSP NSP NSP
மஞ்சள்பொடி,மஞ்சள் + பொடி, NSP NSP NSP NSP NSP NSP NSP SP NSP NSP NSP NSP NSP
வண்ணங்காற்று,வண்ணம் + காற்று, NSP NSP NSP NSP NSP NSP NSP SP NSP NSP NSP NSP NSP NSP NSP
பச்சைசெடி,பச்சை + செடி, NSP NSP NSP NSP NSP NSP SP NSP NSP NSP NSP NSP
தாவரம்பூ,தாவரம் + பூ, NSP NSP NSP NSP NSP NSP NSP SP NSP NSP NSP
மழைக்காற்று,மழை + காற்று, NSP NSP NSP NSP SP NSP NSP NSP NSP NSP NSP NSP
பறவைக்கூட்டம்,பறவை + கூட்டம், NSP NSP NSP NSP NSP SP NSP NSP NSP NSP NSP NSP NSP NSP
வெண்கதிர்கதிரவன்,வெண்கதிர் + கதிரவன், NSP NSP NSP NSP NSP NSP NSP NSP NSP NSP SP NSP NSP NSP NSP NSP NSP NSP NSP
குரங்குகாடு,குரங்கு + காடு, NSP NSP NSP NSP NSP NSP NSP NSP SP NSP NSP NSP NSP NSP
மலர்நிலம்,மலர் + நிலம், NSP NSP NSP NSP NSP SP NSP NSP NSP NSP NSP NSP
குரல்கதிர்,குரல் + கதிர், NSP NSP NSP NSP NSP NSP SP NSP NSP NSP NSP NSP NSP
மலைய்மழை,மலை + மழை, NSP NSP NSP NSP SP NSP NSP NSP NSP
அரிப்புலி,அரி + புலி, NSP NSP NSP NSP SP NSP NSP NSP NSP NSP
மண்ணின்‌மணம்,மண்ணின் + மணம், NSP NSP NSP NSP NSP NSP NSP NSP SP NSP NSP NSP NSP NSP
பனையோலை,பனை + ஓலை, NSP NSP NSP NSP SP NSP NSP NSP NSP
பூதிராட்சை,பூ + திராட்சை, NSP NSP NSP SP NSP NSP NSP NSP NSP NSP NSP NSP NSP
நிலாகதிர்,நிலா + கதிர், NSP NSP NSP NSP NSP SP NSP NSP NSP NSP NSP NSP
பனித்துளி,பனி + துளி, NSP NSP NSP NSP SP NSP NSP NSP NSP NSP
மழைநேரம்,மழை + நேரம், NSP NSP NSP NSP SP NSP NSP NSP NSP NSP NSP
வெள்ளிக்கதிர்,வெள்ளி + கதிர், NSP NSP NSP NSP NSP NSP NSP SP NSP NSP NSP NSP NSP NSP
பனிக்காடுமலர்,பனிக்காடு + மலர், NSP NSP NSP NSP NSP NSP NSP NSP NSP NSP SP NSP NSP NSP NSP NSP
கடலொலிகை,கடல் + ஒலிகை, NSP NSP NSP NSP NSP SP NSP NSP NSP NSP NSP NSP
கதிர்போகம்,கதிர் + போகம், NSP NSP NSP NSP NSP NSP SP NSP NSP NSP NSP NSP NSP
மரவெயில்,மரம் + வெயில், NSP NSP NSP NSP NSP SP NSP NSP NSP NSP NSP NSP NSP
செம்புக்கிணறு,செம்பு + கிணறு, NSP NSP NSP NSP NSP NSP NSP SP NSP NSP NSP NSP NSP NSP
பனிக்காடுபொறி,பனிக்காடு + பொறி, NSP NSP NSP NSP NSP NSP NSP NSP NSP NSP SP NSP NSP NSP NSP NSP
வண்ணமாடை,வண்ணம் + ஆடை, NSP NSP NSP NSP NSP NSP NSP SP NSP NSP NSP NSP
கடல்சீமை,கடல் + சீமை, NSP NSP NSP NSP NSP SP NSP NSP NSP NSP NSP
மலர்தாங்கி,மலர் + தாங்கி, NSP NSP NSP NSP NSP SP NSP NSP NSP NSP NSP NSP NSP
சிகப்புமரம்,சிகப்பு + மரம், NSP NSP NSP NSP NSP NSP NSP NSP SP NSP NSP NSP NSP NSP
நிலாவழி,நிலா + வழி, NSP NSP NSP NSP NSP SP NSP NSP NSP NSP
கதிர்கொடி,கதிர் + கொடி, NSP NSP NSP NSP NSP NSP SP NSP NSP NSP NSP NSP
செந்நிறம்மண்,செந்நிறம் + மண், NSP NSP NSP NSP NSP NSP NSP NSP NSP NSP SP NSP NSP NSP NSP
பஞ்சுபருத்தி,பஞ்சு + பருத்தி, NSP NSP NSP NSP NSP NSP SP NSP NSP NSP NSP NSP NSP NSP NSP
குரங்குப்பனை,குரங்கு + பனை, NSP NSP NSP NSP NSP NSP NSP NSP SP NSP NSP NSP NSP
மலைய்காற்று,மலை + காற்று, NSP NSP NSP NSP SP NSP NSP NSP NSP NSP NSP NSP
பூதென்றல்,பூ + தென்றல், NSP NSP NSP SP NSP NSP NSP NSP NSP NSP NSP NSP
வானமலர்,வானம் + மலர், NSP NSP NSP NSP NSP NSP SP NSP NSP NSP NSP NSP
பொன்வெளிச்சம்,பொன் + வெளிச்சம், NSP NSP NSP NSP NSP SP NSP NSP NSP NSP NSP NSP NSP NSP NSP NSP
மழைவிளக்கம்,மழை + விளக்கம், NSP NSP NSP NSP SP NSP NSP NSP NSP NSP NSP NSP NSP NSP
பசுமாடு,பசு + மாடு, NSP NSP NSP NSP SP NSP NSP NSP NSP NSP
பூவனம்,பூ + வனம், NSP NSP NSP SP NSP NSP NSP NSP NSP
கதிர்தோப்பு,கதிர் + தோப்பு, NSP NSP NSP NSP NSP NSP SP NSP NSP NSP NSP NSP NSP NSP
பச்சைக்கிணறு,பச்சை + கிணறு, NSP NSP NSP NSP NSP NSP SP NSP NSP NSP NSP NSP NSP
மழைப்பாதை,மழை + பாதை, NSP NSP NSP NSP SP NSP NSP NSP NSP NSP
பனிக்காடுமழை,பனிக்காடு + மழை, NSP NSP NSP NSP NSP NSP NSP NSP NSP NSP SP NSP NSP NSP NSP
மரவேலி,மரம் + வேலி, NSP NSP NSP NSP NSP SP NSP NSP NSP NSP NSP
பூவாடை,பூ + வாடை, NSP NSP NSP SP NSP NSP NSP NSP NSP
கதிர்வேர்கள்,கதிர் + வேர்கள், NSP NSP NSP NSP NSP NSP SP NSP NSP NSP NSP NSP NSP NSP NSP
கடல்வண்ணம்,கடல் + வண்ணம், NSP NSP NSP NSP NSP SP NSP NSP NSP NSP NSP NSP NSP
பசுமைநிலம்,பசுமை + நிலம், NSP NSP NSP NSP NSP NSP SP NSP NSP NSP NSP NSP NSP
மழைத்துளி,மழை + துளி, NSP NSP NSP NSP SP NSP NSP NSP NSP NSP
மஞ்சள்பானை,மஞ்சள் + பானை, NSP NSP NSP NSP NSP NSP NSP SP NSP NSP NSP NSP NSP
கதிர்மயில்,கதிர் + மயில், NSP NSP NSP NSP NSP NSP SP NSP NSP NSP NSP NSP NSP
மழைவேலி,மழை + வேலி, NSP NSP NSP NSP SP NSP NSP NSP NSP NSP
பூப்பொழில்,பூ + பொழில், NSP NSP NSP SP NSP NSP NSP NSP NSP NSP NSP
வான்கதிர்,வான் + கதிர், NSP NSP NSP NSP NSP SP NSP NSP NSP NSP NSP NSP
பனிநதி,பனி + நதி, NSP NSP NSP NSP SP NSP NSP NSP NSP
மலைகோவில்,மலை + கோவில், NSP NSP NSP NSP SP NSP NSP NSP NSP NSP NSP NSP
பசுவயல்,பசு + வயல், NSP NSP NSP NSP SP NSP NSP NSP NSP NSP
நிலமுறை,நிலம் + முறை, NSP NSP NSP NSP NSP NSP SP NSP NSP NSP NSP NSP
செம்மண்பாதை,செம்மண் + பாதை, NSP NSP NSP NSP NSP NSP NSP NSP SP NSP NSP NSP NSP NSP
பனிமணல்,பனி + மணல், NSP NSP NSP NSP SP NSP NSP NSP NSP NSP
கதிர்நிலம்,கதிர் + நிலம், NSP NSP NSP NSP NSP NSP SP NSP NSP NSP NSP NSP NSP
மரவீடு,மரம் + வீடு, NSP NSP NSP NSP NSP SP NSP NSP NSP NSP NSP
மலர்வனம்,மலர் + வனம், NSP NSP NSP NSP NSP SP NSP NSP NSP NSP NSP
கடல்பக்கம்,கடல் + பக்கம், NSP NSP NSP NSP NSP SP NSP NSP NSP NSP NSP NSP NSP
பூவலை,பூ + அலை, NSP NSP NSP SP NSP NSP NSP NSP
குரங்குதாவரம்,குரங்கு + தாவரம், NSP NSP NSP NSP NSP NSP NSP NSP SP NSP NSP NSP NSP NSP NSP NSP
பனிகோடு,பனி + கோடு, NSP NSP NSP NSP SP NSP NSP NSP NSP NSP
கதிர்சங்கு,கதிர் + சங்கு, NSP NSP NSP NSP NSP NSP SP NSP NSP NSP NSP NSP NSP
நிலாதூண்,நிலா + தூண், NSP NSP NSP NSP NSP SP NSP NSP NSP NSP NSP
மழைவண்டி,மழை + வண்டி, NSP NSP NSP NSP SP NSP NSP NSP NSP NSP NSP
மரங்காடு,மரம் + காடு, NSP NSP NSP NSP NSP SP NSP NSP NSP NSP NSP
செடிபூ,செடி + பூ, NSP NSP NSP NSP NSP SP NSP NSP NSP
பனிக்காற்று,பனி + காற்று, NSP NSP NSP NSP SP NSP NSP NSP NSP NSP NSP NSP
பூஒலி,பூ + ஒலி, NSP NSP NSP SP NSP NSP NSP NSP
மழைத்தோப்பு,மழை + தோப்பு, NSP NSP NSP NSP SP NSP NSP NSP NSP NSP NSP NSP
முத்துத்துளி,முத்து + துளி, NSP NSP NSP NSP NSP NSP NSP SP NSP NSP NSP NSP NSP
மலைய்பொறி,மலை + பொறி, NSP NSP NSP NSP SP NSP NSP NSP NSP NSP
பசுபுல்,பசு + புல், NSP NSP NSP NSP SP NSP NSP NSP NSP NSP
பூசுவை,பூ + சுவை, NSP NSP NSP SP NSP NSP NSP NSP NSP
மரநிழல்,மரம் + நிழல், NSP NSP NSP NSP NSP SP NSP NSP NSP NSP NSP NSP
மழைப்பனிக்காடு,மழை + பனிக்காடு, NSP NSP NSP NSP SP NSP NSP NSP NSP NSP NSP NSP NSP NSP NSP
செடிவனம்,செடி + வனம், NSP NSP NSP NSP NSP SP NSP NSP NSP NSP NSP
பூதரை,பூ + தரை, NSP NSP NSP SP NSP NSP NSP NSP
நிலாவேலி,நிலா + வேலி, NSP NSP NSP NSP NSP SP NSP NSP NSP NSP NSP
பனிமழை,பனி + மழை, NSP NSP NSP NSP SP NSP NSP NSP NSP
வானொலி,வான் + ஒலி, NSP NSP NSP NSP NSP SP NSP NSP NSP NSP
செடிமரம்,செடி + மரம், NSP NSP NSP NSP NSP SP NSP NSP NSP NSP NSP
கதிர்கோடு,கதிர் + கோடு, NSP NSP NSP NSP NSP NSP SP NSP NSP NSP NSP NSP
பூவினை,பூ + வினை, NSP NSP NSP SP NSP NSP NSP NSP NSP
பசுமஞ்சள்,பசு + மஞ்சள், NSP NSP NSP NSP SP NSP NSP NSP NSP NSP NSP NSP
மழைவெளிச்சம்,மழை + வெளிச்சம், NSP NSP NSP NSP SP NSP NSP NSP NSP NSP NSP NSP NSP NSP NSP
பூகண்ணாடி,பூ + கண்ணாடி, NSP NSP NSP SP NSP NSP NSP NSP NSP NSP NSP NSP
பனிச்சிறகு,பனி + சிறகு, NSP NSP NSP NSP SP NSP NSP NSP NSP NSP NSP
கதிர்பனி,கதிர் + பனி, NSP NSP NSP NSP NSP NSP SP NSP NSP NSP NSP
மரப்பனை,மரம் + பனை, NSP NSP NSP NSP NSP SP NSP NSP NSP NSP
மலர்வீடு,மலர் + வீடு, NSP NSP NSP NSP NSP SP NSP NSP NSP NSP NSP
பனியொளி,பனி + ஒளி, NSP NSP NSP NSP SP NSP NSP NSP NSP
கதிர்தோணி,கதிர் + தோணி, NSP NSP NSP NSP NSP NSP SP NSP NSP NSP NSP NSP
நிலசெடி,நிலம் + செடி, NSP NSP NSP NSP NSP NSP SP NSP NSP NSP NSP NSP
மலர்தென்றல்,மலர் + தென்றல், NSP NSP NSP NSP NSP SP NSP NSP NSP NSP NSP NSP NSP NSP
குரங்குபூ,குரங்கு + பூ, NSP NSP NSP NSP NSP NSP NSP NSP SP NSP NSP NSP
செடிகோடு,செடி + கோடு, NSP NSP NSP NSP NSP SP NSP NSP NSP NSP NSP
மழைத்தென்றல்,மழை + தென்றல், NSP NSP NSP NSP SP NSP NSP NSP NSP NSP NSP NSP NSP
பூமலர்,பூ + மலர், NSP NSP NSP SP NSP NSP NSP NSP NSP
நிலாகாடு,நிலா + காடு, NSP NSP NSP NSP NSP SP NSP NSP NSP NSP NSP
செடிகோபுரம்,செடி + கோபுரம், NSP NSP NSP NSP NSP SP NSP NSP NSP NSP NSP NSP NSP NSP
கதிர்மழை,கதிர் + மழை, NSP NSP NSP NSP NSP NSP SP NSP NSP NSP NSP
மழைவிளக்கு,மழை + விளக்கு, NSP NSP NSP NSP SP NSP NSP NSP NSP NSP NSP NSP NSP
செடிவாசல்,செடி + வாசல், NSP NSP NSP NSP NSP SP NSP NSP NSP NSP NSP NSP
கதிர்முத்து,கதிர் + முத்து, NSP NSP NSP NSP NSP NSP SP NSP NSP NSP NSP NSP NSP NSP
பனியாலமரம்,பனி + ஆலமரம், NSP NSP NSP NSP SP NSP NSP NSP NSP NSP NSP NSP
மரப்பொன்,மரம் + பொன், NSP NSP NSP NSP NSP SP NSP NSP NSP NSP NSP
மழையொலி,மழை + ஒலி, NSP NSP NSP NSP SP NSP NSP NSP NSP
நிலாதுளி,நிலா + துளி, NSP NSP NSP NSP NSP SP NSP NSP NSP NSP NSP
பூப்பாதை,பூ + பாதை, NSP NSP NSP SP NSP NSP NSP NSP NSP
மரக்கிணறு,மரம் + கிணறு, NSP NSP NSP NSP NSP SP NSP NSP NSP NSP NSP NSP
மழைமணல்,மழை + மணல், NSP NSP NSP NSP SP NSP NSP NSP NSP NSP
மலர்மணம்,மலர் + மணம், NSP NSP NSP NSP NSP SP NSP NSP NSP NSP NSP
பூகனிகள்,பூ + கனிகள், NSP NSP NSP SP NSP NSP NSP NSP NSP NSP NSP
நிலத்துளி,நிலம் + துளி, NSP NSP NSP NSP NSP NSP SP NSP NSP NSP NSP NSP
பனிப்புள்ளி,பனி + புள்ளி, NSP NSP NSP NSP SP NSP NSP NSP NSP NSP NSP NSP
பசுவெள்ளி,பசு + வெள்ளி, NSP NSP NSP NSP SP NSP NSP NSP NSP NSP NSP NSP
பூதாமரை,பூ + தாமரை, NSP NSP NSP SP NSP NSP NSP NSP NSP NSP
நிலமலர்,நிலம் + மலர், NSP NSP NSP NSP NSP NSP SP NSP NSP NSP NSP NSP
பூவாலை,பூ + ஆலை, NSP NSP NSP SP NSP NSP NSP NSP
செடிவயல்,செடி + வயல், NSP NSP NSP NSP NSP SP NSP NSP NSP NSP NSP
மழையொளி,மழை + ஒளி, NSP NSP NSP NSP SP NSP NSP NSP NSP
மரமாலை,மரம் + மாலை, NSP NSP NSP NSP NSP SP NSP NSP NSP NSP NSP
பனிமண்,பனி + மண், NSP NSP NSP NSP SP NSP NSP NSP NSP
மலைப்பனிக்காடு,மலை + பனிக்காடு, NSP NSP NSP NSP SP NSP NSP NSP NSP NSP NSP NSP NSP NSP NSP
பூகதிர்,பூ + கதிர், NSP NSP NSP SP NSP NSP NSP NSP NSP NSP
மழைக்கூடை,மழை + கூடை, NSP NSP NSP NSP SP NSP NSP NSP NSP NSP
செடிபருத்தி,செடி + பருத்தி, NSP NSP NSP NSP NSP SP NSP NSP NSP NSP NSP NSP NSP NSP
நிலாவீடு,நிலா + வீடு, NSP NSP NSP NSP NSP SP NSP NSP NSP NSP NSP
பூவெளி,பூ + வெளி, NSP NSP NSP SP NSP NSP NSP NSP NSP
பனிச்சூரியன்,பனி + சூரியன், NSP NSP NSP NSP SP NSP NSP NSP NSP NSP NSP NSP NSP
மழைமுத்து,மழை + முத்து, NSP NSP NSP NSP SP NSP NSP NSP NSP NSP NSP NSP
மரச்சுடர்,மரம் + சுடர், NSP NSP NSP NSP NSP SP NSP NSP NSP NSP NSP NSP
நிலாப்பனிக்காடு,நிலா + பனிக்காடு, NSP NSP NSP NSP NSP SP NSP NSP NSP NSP NSP NSP NSP NSP NSP NSP
பூவியர்வை,பூ + வியர்வை, NSP NSP NSP SP NSP NSP NSP NSP NSP NSP NSP NSP
கதிர்பொழுது,கதிர் + பொழுது, NSP NSP NSP NSP NSP NSP SP NSP NSP NSP NSP NSP NSP NSP
பூஆவல்,பூ + ஆவல், NSP NSP NSP SP NSP NSP NSP NSP NSP
மழைவரவு,மழை + வரவு, NSP NSP NSP NSP SP NSP NSP NSP NSP NSP
பசுப்பொறி,பசு + பொறி, NSP NSP NSP NSP SP NSP NSP NSP NSP NSP
மலர்க்கிணறு,மலர் + கிணறு, NSP NSP NSP NSP NSP SP NSP NSP NSP NSP NSP NSP
மரச்செடி,மரம் + செடி, NSP NSP NSP NSP NSP SP NSP NSP NSP NSP NSP
கதிர்புனல்,கதிர் + புனல், NSP NSP NSP NSP NSP NSP SP NSP NSP NSP NSP NSP NSP
நிலாவொளி,நிலா + ஒளி, NSP NSP NSP NSP NSP SP NSP NSP NSP NSP
பசுக்கோடு,பசு + கோடு, NSP NSP NSP NSP SP NSP NSP NSP NSP NSP
மழைமணம்,மழை + மணம், NSP NSP NSP NSP SP NSP NSP NSP NSP NSP
பூகொடி,பூ + கொடி, NSP NSP NSP SP NSP NSP NSP NSP NSP
பனிவீடு,பனி + வீடு, NSP NSP NSP NSP SP NSP NSP NSP NSP NSP
மழைத்தரை,மழை + தரை, NSP NSP NSP NSP SP NSP NSP NSP NSP
கதிர்விளம்பரம்,கதிர் + விளம்பரம், NSP NSP NSP NSP NSP NSP SP NSP NSP NSP NSP NSP NSP NSP NSP NSP NSP
பூநதி,பூ + நதி, NSP NSP NSP SP NSP NSP NSP NSP
பனிநிலம்,பனி + நிலம், NSP NSP NSP NSP SP NSP NSP NSP NSP NSP NSP
பூமாலை,பூ + மாலை, NSP NSP NSP SP NSP NSP NSP NSP NSP
மழைவாடை,மழை + வாடை, NSP NSP NSP NSP SP NSP NSP NSP NSP NSP
குரங்குவிளக்கு,குரங்கு + விளக்கு, NSP NSP NSP NSP NSP NSP NSP NSP SP NSP NSP NSP NSP NSP NSP NSP NSP
பூகடல்,பூ + கடல், NSP NSP NSP SP NSP NSP NSP NSP NSP
மழைப்பெண்,மழை + பெண், NSP NSP NSP NSP SP NSP NSP NSP NSP NSP
பசுபசுமை,பசு + பசுமை, NSP NSP NSP NSP SP NSP NSP NSP NSP NSP NSP
நிலத்தடம்,நிலம் + தடம், NSP NSP NSP NSP NSP NSP SP NSP NSP NSP NSP NSP
பூமுத்து,பூ + முத்து, NSP NSP NSP SP NSP NSP NSP NSP NSP NSP NSP
கதிராடை,கதிர் + ஆடை, NSP NSP NSP NSP NSP NSP SP NSP NSP NSP NSP
மரஒளி,மரம் + ஒளி, NSP NSP NSP NSP NSP SP NSP NSP NSP NSP
நிலஅலை,நிலம் + அலை, NSP NSP NSP NSP NSP NSP SP NSP NSP NSP NSP
பூமீன்,பூ + மீன், NSP NSP NSP SP NSP NSP NSP NSP NSP
பூஅறு,பூ + அறு, NSP NSP NSP SP NSP NSP NSP NSP
கதிர்பயிர்,கதிர் + பயிர், NSP NSP NSP NSP NSP NSP SP NSP NSP NSP NSP NSP NSP
நிலவீடு,நிலம் + வீடு, NSP NSP NSP NSP NSP NSP SP NSP NSP NSP NSP NSP
பூகோவில்,பூ + கோவில், NSP NSP NSP SP NSP NSP NSP NSP NSP NSP NSP
மழைசொல்,மழை + சொல், NSP NSP NSP NSP SP NSP NSP NSP NSP NSP
பனைவாழை,பனை + வாழை, NSP NSP NSP NSP SP NSP NSP NSP NSP NSP
பூமங்கை,பூ + மங்கை, NSP NSP NSP SP NSP NSP NSP NSP NSP NSP
மழைசுவை,மழை + சுவை, NSP NSP NSP NSP SP NSP NSP NSP NSP NSP
கதிர்பூ,கதிர் + பூ, NSP NSP NSP NSP NSP NSP SP NSP NSP NSP
மரக்கால்,மரம் + கால், NSP NSP NSP NSP NSP SP NSP NSP NSP NSP NSP
பூபரிதி,பூ + பரிதி, NSP NSP NSP SP NSP NSP NSP NSP NSP NSP
மழையருவி,மழை + அருவி, NSP NSP NSP NSP SP NSP NSP NSP NSP NSP NSP
பனைய்முத்து,பனை + முத்து, NSP NSP NSP NSP SP NSP NSP NSP NSP NSP NSP NSP
பூபனிக்காடு,பூ + பனிக்காடு, NSP NSP NSP SP NSP NSP NSP NSP NSP NSP NSP NSP NSP NSP
கதிர்வசந்தம்,கதிர் + வசந்தம், NSP NSP NSP NSP NSP NSP SP NSP NSP NSP NSP NSP NSP NSP NSP
நிலநிலை,நிலம் + நிலை, NSP NSP NSP NSP NSP NSP SP NSP NSP NSP NSP NSP
மரத்தழை,மரம் + தழை, NSP NSP NSP NSP NSP SP NSP NSP NSP NSP
பூகாற்று,பூ + காற்று, NSP NSP NSP SP NSP NSP NSP NSP NSP NSP NSP
மழையருமை,மழை + அருமை, NSP NSP NSP NSP SP NSP NSP NSP NSP NSP NSP
கதிர்மேகம்,கதிர் + மேகம், NSP NSP NSP NSP NSP NSP SP NSP NSP NSP NSP NSP NSP
பூவயல்,பூ + வயல், NSP NSP NSP SP NSP NSP NSP NSP NSP
நிலத்தொண்டு,நிலம் + தொண்டு, NSP NSP NSP NSP NSP NSP SP NSP NSP NSP NSP NSP NSP NSP
மரவயல்,மரம் + வயல், NSP NSP NSP NSP NSP SP NSP NSP NSP NSP NSP
பனியருவி,பனி + அருவி, NSP NSP NSP NSP SP NSP NSP NSP NSP NSP NSP
மழைத்தேன்,மழை + தேன், NSP NSP NSP NSP SP NSP NSP NSP NSP NSP
பூஅழகு,பூ + அழகு, NSP NSP NSP SP NSP NSP NSP NSP NSP
நிலாமுத்து,நிலா + முத்து, NSP NSP NSP NSP NSP SP NSP NSP NSP NSP NSP NSP NSP
கதிர்கதிரவன்,கதிர் + கதிரவன், NSP NSP NSP NSP NSP NSP SP NSP NSP NSP NSP NSP NSP NSP NSP
மழைப்புயல்,மழை + புயல், NSP NSP NSP NSP SP NSP NSP NSP NSP NSP NSP
பனைய்மடம்,பனை + மடம், NSP NSP NSP NSP SP NSP NSP NSP NSP NSP
நிலசெழிப்பு,நிலம் + செழிப்பு, NSP NSP NSP NSP NSP NSP SP NSP NSP NSP NSP NSP NSP NSP NSP NSP
பூசாந்தி,பூ + சாந்தி, NSP NSP NSP SP NSP NSP NSP NSP NSP NSP NSP
மழைப்பொன்,மழை + பொன், NSP NSP NSP NSP SP NSP NSP NSP NSP NSP
பனைய்தென்றல்,பனை + தென்றல், NSP NSP NSP NSP SP NSP NSP NSP NSP NSP NSP NSP NSP
கதிர்நிழல்,கதிர் + நிழல், NSP NSP NSP NSP NSP NSP SP NSP NSP NSP NSP NSP NSP
மழைத்தூண்,மழை + தூண், NSP NSP NSP NSP SP NSP NSP NSP NSP NSP
பூதேன்,பூ + தேன், NSP NSP NSP SP NSP NSP NSP NSP NSP
நிலமொளி,நிலம் + ஒளி, NSP NSP NSP NSP NSP NSP SP NSP NSP NSP NSP
மரநிலம்,மரம் + நிலம், NSP NSP NSP NSP NSP SP NSP NSP NSP NSP NSP NSP
மழைக்குரல்,மழை + குரல், NSP NSP NSP NSP SP NSP NSP NSP NSP NSP NSP
பூவெள்ளி,பூ + வெள்ளி, NSP NSP NSP SP NSP NSP NSP NSP NSP NSP NSP
கதிர்வெண்ணிறம்,கதிர் + வெண்ணிறம், NSP NSP NSP NSP NSP NSP SP NSP NSP NSP NSP NSP NSP NSP NSP NSP NSP
மரநிலை,மரம் + நிலை, NSP NSP NSP NSP NSP SP NSP NSP NSP NSP NSP
மழைக்கொடி,மழை + கொடி, NSP NSP NSP NSP SP NSP NSP NSP NSP NSP
நிலவாசல்,நிலம் + வாசல், NSP NSP NSP NSP NSP NSP SP NSP NSP NSP NSP NSP NSP
பூமேகம்,பூ + மேகம், NSP NSP NSP SP NSP NSP NSP NSP NSP NSP
மரசெழிப்பு,மரம் + செழிப்பு, NSP NSP NSP NSP NSP SP NSP NSP NSP NSP NSP NSP NSP NSP NSP
மழைவயல்,மழை + வயல், NSP NSP NSP NSP SP NSP NSP NSP NSP NSP
பூவிளக்கு,பூ + விளக்கு, NSP NSP NSP SP NSP NSP NSP NSP NSP NSP NSP NSP
கதிர்இலை,கதிர் + இலை, NSP NSP NSP NSP NSP NSP SP NSP NSP NSP NSP
மழைத்தடம்,மழை + தடம், NSP NSP NSP NSP SP NSP NSP NSP NSP NSP
நிலகோடு,நிலம் + கோடு, NSP NSP NSP NSP NSP NSP SP NSP NSP NSP NSP NSP
மழைவாசம்,மழை + வாசம், NSP NSP NSP NSP SP NSP NSP NSP NSP NSP NSP
மரஅடை,மரம் + அடை, NSP NSP NSP NSP NSP SP NSP NSP NSP NSP
பூபனி,பூ + பனி, NSP NSP NSP SP NSP NSP NSP NSP
நிலச்சரக்கு,நிலம் + சரக்கு, NSP NSP NSP NSP NSP NSP SP NSP NSP NSP NSP NSP NSP NSP
மரகுரல்,மரம் + குரல், NSP NSP NSP NSP NSP SP NSP NSP NSP NSP NSP NSP
மழைத்தன்மை,மழை + தன்மை, NSP NSP NSP NSP SP NSP NSP NSP NSP NSP NSP
பனைய்தரை,பனை + தரை, NSP NSP NSP NSP SP NSP NSP NSP NSP
நிலமலை,நிலம் + மலை, NSP NSP NSP NSP NSP NSP SP NSP NSP NSP NSP
பூவெண்ணிறம்,பூ + வெண்ணிறம், NSP NSP NSP SP NSP NSP NSP NSP NSP NSP NSP NSP NSP NSP
மழைக்காட்சி,மழை + காட்சி, NSP NSP NSP NSP SP NSP NSP NSP NSP NSP NSP NSP
மரவண்ணம்,மரம் + வண்ணம், NSP NSP NSP NSP NSP SP NSP NSP NSP NSP NSP NSP NSP
பூவாழை,பூ + வாழை, NSP NSP NSP SP NSP NSP NSP NSP NSP
கதிர்பனிக்காடு,கதிர் + பனிக்காடு, NSP NSP NSP NSP NSP NSP SP NSP NSP NSP NSP NSP NSP NSP NSP NSP NSP
கதிர்வெள்ளி,கதிர் + வெள்ளி, NSP NSP NSP NSP NSP NSP SP NSP NSP NSP NSP NSP NSP NSP
கதிர்வயல்,கதிர் + வயல், NSP NSP NSP NSP NSP NSP SP NSP NSP NSP NSP NSP
கதிர்தரை,கதிர் + தரை, NSP NSP NSP NSP NSP NSP SP NSP NSP NSP NSP
கதிர்அலை,கதிர் + அலை, NSP NSP NSP NSP NSP NSP SP NSP NSP NSP NSP
கதிர்துளி,கதிர் + துளி, NSP NSP NSP NSP NSP NSP SP NSP NSP NSP NSP NSP
மழைமயில்,மழை + மயில், NSP NSP NSP NSP SP NSP NSP NSP NSP NSP NSP
மழைகொடி,மழை + கொடி, NSP NSP NSP NSP SP NSP NSP NSP NSP NSP
மழைபனிக்காடு,மழை + பனிக்காடு, NSP NSP NSP NSP SP NSP NSP NSP NSP NSP NSP NSP NSP NSP NSP
மழைவெள்ளி,மழை + வெள்ளி, NSP NSP NSP NSP SP NSP NSP NSP NSP NSP NSP NSP
மழைதரை,மழை + தரை, NSP NSP NSP NSP SP NSP NSP NSP NSP
மழைநிழல்,மழை + நிழல், NSP NSP NSP NSP SP NSP NSP NSP NSP NSP NSP
மழைஅலை,மழை + அலை, NSP NSP NSP NSP SP NSP NSP NSP NSP
மழைதுளி,மழை + துளி, NSP NSP NSP NSP SP NSP NSP NSP NSP NSP
மலைமயில்,மலை + மயில், NSP NSP NSP NSP SP NSP NSP NSP NSP NSP NSP
மலைகொடி,மலை + கொடி, NSP NSP NSP NSP SP NSP NSP NSP NSP NSP
மலைபனிக்காடு,மலை + பனிக்காடு, NSP NSP NSP NSP SP NSP NSP NSP NSP NSP NSP NSP NSP NSP NSP
மலைவெள்ளி,மலை + வெள்ளி, NSP NSP NSP NSP SP NSP NSP NSP NSP NSP NSP NSP
மலைவயல்,மலை + வயல், NSP NSP NSP NSP SP NSP NSP NSP NSP NSP
மலைவிளக்கு,மலை + விளக்கு, NSP NSP NSP NSP SP NSP NSP NSP NSP NSP NSP NSP NSP
மலைதரை,மலை + தரை, NSP NSP NSP NSP SP NSP NSP NSP NSP
மலைநிழல்,மலை + நிழல், NSP NSP NSP NSP SP NSP NSP NSP NSP NSP NSP
மலைஅலை,மலை + அலை, NSP NSP NSP NSP SP NSP NSP NSP NSP
மலைதுளி,மலை + துளி, NSP NSP NSP NSP SP NSP NSP NSP NSP NSP
பூமயில்,பூ + மயில், NSP NSP NSP SP NSP NSP NSP NSP NSP NSP
பூநிழல்,பூ + நிழல், NSP NSP NSP SP NSP NSP NSP NSP NSP NSP
பூஅலை,பூ + அலை, NSP NSP NSP SP NSP NSP NSP NSP
பூதுளி,பூ + துளி, NSP NSP NSP SP NSP NSP NSP NSP NSP
பசுமயில்,பசு + மயில், NSP NSP NSP NSP SP NSP NSP NSP NSP NSP NSP
பசுகொடி,பசு + கொடி, NSP NSP NSP NSP SP NSP NSP NSP NSP NSP
பசுபனிக்காடு,பசு + பனிக்காடு, NSP NSP NSP NSP SP NSP NSP NSP NSP NSP NSP NSP NSP NSP NSP
பசுவிளக்கு,பசு + விளக்கு, NSP NSP NSP NSP SP NSP NSP NSP NSP NSP NSP NSP NSP
பசுதரை,பசு + தரை, NSP NSP NSP NSP SP NSP NSP NSP NSP
பசுநிழல்,பசு + நிழல், NSP NSP NSP NSP SP NSP NSP NSP NSP NSP NSP
பசுஅலை,பசு + அலை, NSP NSP NSP NSP SP NSP NSP NSP NSP
பசுதுளி,பசு + துளி, NSP NSP NSP NSP SP NSP NSP NSP NSP NSP
நிலாமயில்,நிலா + மயில், NSP NSP NSP NSP NSP SP NSP NSP NSP NSP NSP NSP
நிலாகொடி,நிலா + கொடி, NSP NSP NSP NSP NSP SP NSP NSP NSP NSP NSP
நிலாபனிக்காடு,நிலா + பனிக்காடு, NSP NSP NSP NSP NSP SP NSP NSP NSP NSP NSP NSP NSP NSP NSP NSP
நிலாவெள்ளி,நிலா + வெள்ளி, NSP NSP NSP NSP NSP SP NSP NSP NSP NSP NSP NSP NSP
நிலாவயல்,நிலா + வயல், NSP NSP NSP NSP NSP SP NSP NSP NSP NSP NSP
நிலாவிளக்கு,நிலா + விளக்கு, NSP NSP NSP NSP NSP SP NSP NSP NSP NSP NSP NSP NSP NSP
நிலாதரை,நிலா + தரை, NSP NSP NSP NSP NSP SP NSP NSP NSP NSP
நிலாநிழல்,நிலா + நிழல், NSP NSP NSP NSP NSP SP NSP NSP NSP NSP NSP NSP
நிலாஅலை,நிலா + அலை, NSP NSP NSP NSP NSP SP NSP NSP NSP NSP
மரம்மயில்,மரம் + மயில், NSP NSP NSP NSP NSP SP NSP NSP NSP NSP NSP NSP
மரம்கொடி,மரம் + கொடி, NSP NSP NSP NSP NSP SP NSP NSP NSP NSP NSP
மரம்பனிக்காடு,மரம் + பனிக்காடு, NSP NSP NSP NSP NSP SP NSP NSP NSP NSP NSP NSP NSP NSP NSP NSP
மரம்வெள்ளி,மரம் + வெள்ளி, NSP NSP NSP NSP NSP SP NSP NSP NSP NSP NSP NSP NSP
மரம்வயல்,மரம் + வயல், NSP NSP NSP NSP NSP SP NSP NSP NSP NSP NSP
மரம்விளக்கு,மரம் + விளக்கு, NSP NSP NSP NSP NSP SP NSP NSP NSP NSP NSP NSP NSP NSP
மரம்தரை,மரம் + தரை, NSP NSP NSP NSP NSP SP NSP NSP NSP NSP
மரம்நிழல்,மரம் + நிழல், NSP NSP NSP NSP NSP SP NSP NSP NSP NSP NSP NSP
மரம்அலை,மரம் + அலை, NSP NSP NSP NSP NSP SP NSP NSP NSP NSP
மரம்துளி,மரம் + துளி, NSP NSP NSP NSP NSP SP NSP NSP NSP NSP NSP
பனைமயில்,பனை + மயில், NSP NSP NSP NSP SP NSP NSP NSP NSP NSP NSP
பனைகொடி,பனை + கொடி, NSP NSP NSP NSP SP NSP NSP NSP NSP NSP
பனைபனிக்காடு,பனை + பனிக்காடு, NSP NSP NSP NSP SP NSP NSP NSP NSP NSP NSP NSP NSP NSP NSP
பனைவெள்ளி,பனை + வெள்ளி, NSP NSP NSP NSP SP NSP NSP NSP NSP NSP NSP NSP
பனைவயல்,பனை + வயல், NSP NSP NSP NSP SP NSP NSP NSP NSP NSP
பனைவிளக்கு,பனை + விளக்கு, NSP NSP NSP NSP SP NSP NSP NSP NSP NSP NSP NSP NSP
பனைதரை,பனை + தரை, NSP NSP NSP NSP SP NSP NSP NSP NSP
பனைநிழல்,பனை + நிழல், NSP NSP NSP NSP SP NSP NSP NSP NSP NSP NSP
பனைஅலை,பனை + அலை, NSP NSP NSP NSP SP NSP NSP NSP NSP
பனைதுளி,பனை + துளி, NSP NSP NSP NSP SP NSP NSP NSP NSP NSP
செடிமயில்,செடி + மயில், NSP NSP NSP NSP NSP SP NSP NSP NSP NSP NSP NSP
செடிகொடி,செடி + கொடி, NSP NSP NSP NSP NSP SP NSP NSP NSP NSP NSP
செடிபனிக்காடு,செடி + பனிக்காடு, NSP NSP NSP NSP NSP SP NSP NSP NSP NSP NSP NSP NSP NSP NSP NSP
செடிவெள்ளி,செடி + வெள்ளி, NSP NSP NSP NSP NSP SP NSP NSP NSP NSP NSP NSP NSP
செடிவிளக்கு,செடி + விளக்கு, NSP NSP NSP NSP NSP SP NSP NSP NSP NSP NSP NSP NSP NSP
செடிதரை,செடி + தரை, NSP NSP NSP NSP NSP SP NSP NSP NSP NSP
செடிநிழல்,செடி + நிழல், NSP NSP NSP NSP NSP SP NSP NSP NSP NSP NSP NSP
செடிஅலை,செடி + அலை, NSP NSP NSP NSP NSP SP NSP NSP NSP NSP
செடிதுளி,செடி + துளி, NSP NSP NSP NSP NSP SP NSP NSP NSP NSP NSP
குரங்குமயில்,குரங்கு + மயில், NSP NSP NSP NSP NSP NSP NSP NSP SP NSP NSP NSP NSP NSP NSP
குரங்குகொடி,குரங்கு + கொடி, NSP NSP NSP NSP NSP NSP NSP NSP SP NSP NSP NSP NSP NSP
குரங்குபனிக்காடு,குரங்கு + பனிக்காடு, NSP NSP NSP NSP NSP NSP NSP NSP SP NSP NSP NSP NSP NSP NSP NSP NSP NSP NSP
குரங்குவெள்ளி,குரங்கு + வெள்ளி, NSP NSP NSP NSP NSP NSP NSP NSP SP NSP NSP NSP NSP NSP NSP NSP
குரங்குவயல்,குரங்கு + வயல், NSP NSP NSP NSP NSP NSP NSP NSP SP NSP NSP NSP NSP NSP
குரங்குதரை,குரங்கு + தரை, NSP NSP NSP NSP NSP NSP NSP NSP SP NSP NSP NSP NSP
குரங்குநிழல்,குரங்கு + நிழல், NSP NSP NSP NSP NSP NSP NSP NSP SP NSP NSP NSP NSP NSP NSP
குரங்குஅலை,குரங்கு + அலை, NSP NSP NSP NSP NSP NSP NSP NSP SP NSP NSP NSP NSP
குரங்குதுளி,குரங்கு + துளி, NSP NSP NSP NSP NSP NSP NSP NSP SP NSP NSP NSP NSP NSP
நிலவிளக்கு,நிலம் + விளக்கு, NSP NSP NSP NSP NSP NSP SP NSP NSP NSP NSP NSP NSP NSP NSP
செடிபுல்,செடி + புல், NSP NSP NSP NSP NSP SP NSP NSP NSP NSP NSP
மழைமடல்,மழை + மடல், NSP NSP NSP NSP SP NSP NSP NSP NSP NSP
பசுபனை,பசு + பனை, NSP NSP NSP NSP SP NSP NSP NSP NSP
நிலாதோணி,நிலா + தோணி, NSP NSP NSP NSP NSP SP NSP NSP NSP NSP NSP
மழைக்கோடு,மழை + கோடு, NSP NSP NSP NSP SP NSP NSP NSP NSP NSP
பனைய்நிழல்,பனை + நிழல், NSP NSP NSP NSP SP NSP NSP NSP NSP NSP NSP
பூகரை,பூ + கரை, NSP NSP NSP SP NSP NSP NSP NSP
மழைக்கோவில்,மழை + கோவில், NSP NSP NSP NSP SP NSP NSP NSP NSP NSP NSP NSP
மரம்பூ,மரம் + பூ, NSP NSP NSP NSP NSP SP NSP NSP NSP
நிலாநட்சத்திரம்,நிலா + நட்சத்திரம், NSP NSP NSP NSP NSP SP NSP NSP NSP NSP NSP NSP NSP NSP NSP NSP NSP NSP
மலர்குளம்,மலர் + குளம், NSP NSP NSP NSP NSP SP NSP NSP NSP NSP NSP NSP
மழைவாயு,மழை + வாயு, NSP NSP NSP NSP SP NSP NSP NSP NSP NSP
பூஅடி,பூ + அடி, NSP NSP NSP SP NSP NSP NSP NSP
பனைக்காற்று,பனை + காற்று, NSP NSP NSP NSP SP NSP NSP NSP NSP NSP NSP NSP
மரம்பழம்,மரம் + பழம், NSP NSP NSP NSP NSP SP NSP NSP NSP NSP NSP
நிலக்காடு,நிலம் + காடு, NSP NSP NSP NSP NSP NSP SP NSP NSP NSP NSP NSP
மழைவெள்ளம்,மழை + வெள்ளம், NSP NSP NSP NSP SP NSP NSP NSP NSP NSP NSP NSP NSP
பூப்பொன்,பூ + பொன், NSP NSP NSP SP NSP NSP NSP NSP NSP
மழைப்பனி,மழை + பனி, NSP NSP NSP NSP SP NSP NSP NSP NSP
பசுசெடி,பசு + செடி, NSP NSP NSP NSP SP NSP NSP NSP NSP NSP
நிலாமலர்,நிலா + மலர், NSP NSP NSP NSP NSP SP NSP NSP NSP NSP NSP
மழைமழலை,மழை + மழலை, NSP NSP NSP NSP SP NSP NSP NSP NSP NSP
கதிர்செடி,கதிர் + செடி, NSP NSP NSP NSP NSP NSP SP NSP NSP NSP NSP NSP
பனைப்பொழுது,பனை + பொழுது, NSP NSP NSP NSP SP NSP NSP NSP NSP NSP NSP NSP
மழைநடனம்,மழை + நடனம், NSP NSP NSP NSP SP NSP NSP NSP NSP NSP NSP
மரக்கரை,மரம் + கரை, NSP NSP NSP NSP NSP SP NSP NSP NSP NSP
கதிர்மணி,கதிர் + மணி, NSP NSP NSP NSP NSP NSP SP NSP NSP NSP NSP
பசுக்கன்றுக்குட்டி,பசு + கன்றுக்குட்டி, NSP NSP NSP NSP SP NSP NSP NSP NSP NSP NSP NSP NSP NSP NSP NSP NSP NSP NSP
மலர்ஆலை,மலர் + ஆலை, NSP NSP NSP NSP NSP SP NSP NSP NSP NSP
நிலாதென்றல்,நிலா + தென்றல், NSP NSP NSP NSP NSP SP NSP NSP NSP NSP NSP NSP NSP NSP
மரமுரம்,மரம் + உரம், NSP NSP NSP NSP NSP SP NSP NSP NSP NSP NSP
பூவிளை,பூ + விளை, NSP NSP NSP SP NSP NSP NSP NSP NSP
மழைக்குழி,மழை + குழி, NSP NSP NSP NSP SP NSP NSP NSP NSP NSP
கதிர்மணல்,கதிர் + மணல், NSP NSP NSP NSP NSP NSP SP NSP NSP NSP NSP NSP
பூகாடு,பூ + காடு, NSP NSP NSP SP NSP NSP NSP NSP NSP
நிலம்புல்,நிலம் + புல், NSP NSP NSP NSP NSP NSP SP NSP NSP NSP NSP NSP
மழைவான்,மழை + வான், NSP NSP NSP NSP SP NSP NSP NSP NSP NSP
மரவேர்கள்,மரம் + வேர்கள், NSP NSP NSP NSP NSP SP NSP NSP NSP NSP NSP NSP NSP NSP
பசுஉரம்,பசு + உரம், NSP NSP NSP NSP SP NSP NSP NSP NSP NSP
நிலாகுளம்,நிலா + குளம், NSP NSP NSP NSP NSP SP NSP NSP NSP NSP NSP NSP
மலர்தரை,மலர் + தரை, NSP NSP NSP NSP NSP SP NSP NSP NSP NSP
மழையூற்று,மழை + ஊற்று, NSP NSP NSP NSP SP NSP NSP NSP NSP NSP NSP
மரம்பட்டை,மரம் + பட்டை, NSP NSP NSP NSP NSP SP NSP NSP NSP NSP NSP NSP
பூவிதை,பூ + விதை, NSP NSP NSP SP NSP NSP NSP NSP NSP
மழைகூடை,மழை + கூடை, NSP NSP NSP NSP SP NSP NSP NSP NSP NSP
பனைவிளை,பனை + விளை, NSP NSP NSP NSP SP NSP NSP NSP NSP NSP
மலர்தரு,மலர் + தரு, NSP NSP NSP NSP NSP SP NSP NSP NSP NSP
கதிர்வெள்ளம்,கதிர் + வெள்ளம், NSP NSP NSP NSP NSP NSP SP NSP NSP NSP NSP NSP NSP NSP NSP
நிலாநீர்,நிலா + நீர், NSP NSP NSP NSP NSP SP NSP NSP NSP NSP NSP
மழையோடை,மழை + ஓடை, NSP NSP NSP NSP SP NSP NSP NSP NSP
பூதேடல்,பூ + தேடல், NSP NSP NSP SP NSP NSP NSP NSP NSP NSP
நிலம்பனி,நிலம் + பனி, NSP NSP NSP NSP NSP NSP SP NSP NSP NSP NSP
மலர்விளக்கு,மலர் + விளக்கு, NSP NSP NSP NSP NSP SP NSP NSP NSP NSP NSP NSP NSP NSP
கதிர்பழம்,கதிர் + பழம், NSP NSP NSP NSP NSP NSP SP NSP NSP NSP NSP NSP
பசுப்பூ,பசு + பூ, NSP NSP NSP NSP SP NSP NSP NSP
